SAMPLE_ID,SMILES,mean_pAC50,Class
NCGC00343768-05,Brc1c(C)cc(OC[C@H]2OCCNC2)c(NC(=O)Nc2ncc(C)nc2)c1,4.9000001,1
NCGC00386831-01,Brc1c(Cl)cc(NC(=O)c2ccc(C(C)(C)C)cc2)c(C(=O)O)c1,4.9000001,1
NCGC00263232-01,Brc1c(N(C)C)ccc(C2Nc3c(c4c(cc3)cccc4)C3=C2C(=O)CC(C)(C)C3)c1,4.9499998,1
NCGC00246387-06&NCGC00246387-08,Brc1c(O)c(CN(C)C)c2c(C(=O)OCC)c(CSc3ccccc3)n(C)c2c1,4.96249985,1
NCGC00263100-02,Brc1cc(F)c(COc2c(C(=O)N)c(NC(=O)NCCCCN3CCCC3)sn2)c(F)c1,4.9000001,1
NCGC00408808-01,Brc1cc2c(n(C[C@H](O)CNc3cc(OC)ccc3)c3c2cc(Br)cc3)cc1,4.9000001,1
NCGC00162073-12,Brc1ccc(/C=C/CNCCNS(=O)(=O)c2c3c(cncc3)ccc2)cc1,4.9250002,1
NCGC00386857-03,Brc1ccc(C(=O)N[C@H](CN2CCC3(N(c4cc(F)ccc4)CNC3=O)CC2)C)cc1,4.9000001,1
NCGC00249891-01,Brc1ccc(C(OCCN(C)C)c2ccccc2)cc1,4.9000001,1
NCGC00386703-01,Brc1ccc(Cc2nc([C@H](NS(=O)(=O)CCCN(CC)CC)CCc3ccccc3)on2)cc1,4.9499998,1
NCGC00402235-03,Brc1ccc(NC(=O)CCN2C[C@H](C)C[C@H](C)C2)cc1,4.9000001,1
NCGC00273481-01,C(C1c2c(Sc3c1cccc3)cccc2)C1CN(C)CCC1,4.9499998,1
NCGC00509991-01,C(CC1CCNCC1)c1c2c(nc(-c3ccccc3)c1)cccc2,4.9000001,1
NCGC00014482-03,C(N1c2c(Sc3c1cccc3)cccc2)[C@@H]1CN(C)CC1,5.1500001,1
NCGC00346896-03,CC1(N2CCC(n3c([C@H]4CNCCC4)nc4c3cccc4)CC2)CCCCCCC1,5.9000001,1
NCGC00163169-05,CN1CC/C(=C\2/c3c(scc3)CCc3c/2cccc3)/CC1,4.9250002,1
NCGC00015252-12&NCGC00015252-17,CN1CCC(=C2c3c(cccc3)C=Cc3c2cccc3)CC1,5.1500001,1
NCGC00159554-09,ClC(Cl)(Cl)C(NC(=S)Nc1c2ncccc2ccc1)NC(=O)/C=C/c1ccccc1,4.9000001,1
NCGC00022680-05,ClC=1C=2[C@@](C)([C@@H]3[C@H]([C@H]4[C@@](C)([C@@](OC(=O)C)(C(=O)C)CC4)CC3)C=1)CCC(=O)C=2,4.9000001,1
NCGC00485375-01,ClCC(=O)[C@@H](NC(=O)[C@@H](NC(=O)CNC(=O)OCc1ccccc1)CC(C)C)Cc1ccccc1,5.5500002,1
NCGC00179578-03&NCGC00179578-11,ClCC(=O)[C@@]1(OC(=O)c2occc2)[C@H](C)C[C@@H]2[C@]1(C)C[C@H](O)[C@]1(Cl)[C@]3(C)C(=CC(=O)C=C3)CC[C@@H]21,4.92499995,1
NCGC00485901-01,ClCC(=O)c1n(CCCO)c2ncnc(N)c2c1-c1ccc(C)cc1,4.9000001,1
NCGC00386347-01&NCGC00386347-02,ClCC/C(=C(/c1ccc(OCCO)cc1)\c1ccccc1)/c1ccccc1,4.9000001,1
NCGC00185756-04,ClCCN(C(=O)Oc1cc2c([C@@H]3[C@H]([C@H]4[C@@](C)([C@@H](OP(=O)([O-])[O-])CC4)CC3)CC2)cc1)CCCl,5,1
NCGC00387228-01,Clc1c(-c2cc(O)ccc2)cc2c(OCCCN)c(-c3cc(C)cc(C)c3)cnc2c1,4.9000001,1
NCGC00379182-01,Clc1c(-c2oc(C(=O)Nc3c(C)cc(CN)cc3C)cc2)cc(Cl)cc1,5,1
NCGC00249921-01,Clc1c(/C(/OCCOc2ccc(Cl)cc2)=C(\C)/n2cncc2)ccc(Cl)c1,4.8499999,1
NCGC00167739-08,Clc1c(/C=C/c2cc(C(=O)O)ccc2)ccc(OCc2c(C(C)C)onc2-c2c(Cl)cccc2Cl)c1,4.9499998,1
NCGC00379060-01,Clc1c(C(=O)Nc2c(C(=O)NC3CCN(S(=O)(=O)C)CC3)[nH]nc2)c(Cl)ccc1,5,1
NCGC00250384-02,Clc1c(C(=O)Nc2cc3-c4n(-c5ccc(F)cc5)nc(C(=O)N)c4CCc3cc2)cc(N2CCN(C)CC2)nc1,5.1999998,1
NCGC00167488-08,Clc1c(C(F)(F)F)cc(NC(=O)Nc2ccc(Oc3cc(C(=O)NC)ncc3)cc2)cc1,5.5,1
NCGC00247954-03,Clc1c(C(F)(F)F)cccc1C(=O)N[C@H]([C@H]1NCCCC1)c1ccccc1,4.9000001,1
NCGC00402261-03,Clc1c(C)ccc(C(=O)N2CCN(c3ccc([N+](=O)[O-])cc3)CC2)c1,4.9000001,1
NCGC00485971-01,Clc1c(C2(Cn3ncnc3)OC(COc3ccc(N4CCN(c5ccc(N6C(=O)N(C(C(O)C)C)N=C6)cc5)CC4)cc3)CO2)ccc(Cl)c1,5.5,1
NCGC00379110-01,Clc1c(C2(c3ccc(F)cc3)Oc3c(O2)cc(C(=O)N2CCOCC2)c(F)c3)ccc(Cl)c1,4.9000001,1
NCGC00165957-07,Clc1c(C2C(C(=O)OCC)=C(COCCN)NC(C)=C2C(=O)OC)cccc1,4.9000001,1
NCGC00387877-01,Clc1c(C=2Oc3c([C@H]4[C@H](CO)N(C)CC4)c(O)cc(O)c3C(=O)C=2)ccc(C(F)(F)F)c1,5,1
NCGC00344508-02,Clc1c(CCCN[C@H](C)c2cc(OC)ccc2)cccc1,4.9000001,1
NCGC00247668-03,Clc1c(CN2C(=O)/C(=N\OC(=O)C)/c3c2ccc(Cl)c3)cc(Cl)cc1,5.0500002,1
NCGC00378548-01,Clc1c(CNCC2CCC(CNCc3c(Cl)cccc3)CC2)cccc1,4.9499998,1
NCGC00387310-02,Clc1c(Cl)cc2c(-c3ccncc3)nnc(NC3CCCC3)c2c1,4.9000001,1
NCGC00263128-02,Clc1c(Cl)cc2nc(c(NCCCCN(CC)CC)nc2c1)-c1sc(-c2sccc2)cc1,4.9000001,1
NCGC00387309-01,Clc1c(Cl)ccc(C=2[C@@H](N(C(=O)CO)CC)CN(/C(=N\C#N)/Nc3cc(OC(F)F)ccc3)N=2)c1,4.9000001,1
NCGC00510481-01,Clc1c(Cl)ccc(CN2C(=O)OC3(C2)CCN(C(=O)/C=C/c2ccc(Cl)cc2)CC3)c1,4.9499998,1
NCGC00390601-01,Clc1c(Cl)ccc(S(=O)(=O)N2CCN(C[C@@H](Nc3ncnc4c(C)csc34)C)CC2)c1,4.9000001,1
NCGC00370814-01,Clc1c(Cl)ccc([C@]2(CCCN3CCC(NC(=O)N(C)C)(c4ccccc4)CC3)CN(C(=O)c3ccccc3)CCC2)c1,4.9000001,1
NCGC00183830-01,Clc1c(Cl)cccc1C1C(C(=O)OC(C)C)=C(COC(=O)N)NC(C)=C1C(=O)OC,4.9000001,1
NCGC00370952-01,Clc1c(Cl)cccc1N1CCN(C/C=C/CNC(=O)c2ccc(-c3ncccc3)cc2)CC1,4.9000001,1
NCGC00370702-02,Clc1c(Cl)cccc1N1CCN(CCCCNC(=O)c2sc3c(c2)cccc3)CC1,4.9000001,1
NCGC00263015-01,Clc1c(Cn2c(C)c(CN(CC(O)COc3ccc(Cl)cc3)C)c(C)n2)cccc1,4.9000001,1
NCGC00159563-02,Clc1c(F)ccc(Nc2ncnc3c2nc(N2CCC(CN(CC)CC)CC2)nc3)c1,4.9000001,1
NCGC00371073-01,Clc1c(N2C(/C=C/c3nc(CN(CC)CC)ccc3)=Nc3c(C2=O)cc(F)cc3)cccc1,5.0500002,1
NCGC00378818-01,Clc1c(N2C(=O)N(Cc3cc(NC(=O)C=C)ccc3)c3nc(NCCCCN(CC)CC)ncc3C2)c(Cl)c(OC)cc1OC,4.9000001,1
NCGC00489873-03,Clc1c(N2CCC3(C(=O)NCC3)CC2)c(-c2cc3c(n(C)nc3)cc2)cnc1N,5.0500002,1
NCGC00509936-02,Clc1c(N2CCC3(C(=O)NCC3)CC2)c(-c2ccc(-c3cn(C)nc3)cc2)cnc1,5,1
NCGC00346747-02,Clc1c(N2c3c(ccc(C#CC(O)(C)c4sccn4)c3)CC2)nc(N)nc1,4.9499998,1
NCGC00095978-06,Clc1c(OC(F)(F)C(F)C(F)(F)F)cc(Cl)c(NC(=O)NC(=O)c2c(F)cccc2F)c1,4.9499998,1
NCGC00509912-01,Clc1c(c(Cl)c(OC)cc1OC)-c1cc2c(nc(N[C@H]3[C@@H](NC(=O)C=C)CCOC3)nc2)cc1,4.9000001,1
NCGC00480785-05,Clc1c(c(Cl)c(OC)cc1OC)-c1cc2c(nc(Nc3c(NC(=O)C=C)cccc3C)nc2)cc1,4.9000001,1
NCGC00242490-05,Clc1c(c(Cl)ccc1)C=1C(=O)N(C)c2nc(Nc3ccc(OCCN(CC)CC)cc3)ncc2C=1,5.8499999,1
NCGC00015214-07,Clc1c2c(c(S(=O)(=O)N3CCNCCC3)ccc2)ccc1,4.9000001,1
NCGC00179250-03,Clc1c2c(c3c(c(C(O)CCN(CCCC)CCCC)c2)ccc(C(F)(F)F)c3)cc(Cl)c1,4.9499998,1
NCGC00378705-01,Clc1c2c(nc3c1CCCC3)ccc(C(=O)NCCCN(Cc1ccccc1)C)c2,4.9000001,1
NCGC00380694-01,Clc1c2c3[C@]4(O)[C@@H](C(C)(C)O[C@@H]5c6c3c([nH]c6[C@]3(C)[C@]6(C)[C@](O)([C@@]78O[C@@H]7[C@H]7OC(C)(C)[C@H]7O[C@H]8CC6)CCC53)c1)C[C@@H]4C(=C)C2,5.4499998,1
NCGC00481602-01,Clc1c2n(c(NC(=O)c3cc(C)ncc3)nc2ccc1)C1CN(C(=O)/C=C/CN(C)C)CCCC1,4.9499998,1
NCGC00165898-11,Clc1cc(-c2nc(Nc3ccncc3)c3nccnc3n2)c(F)cc1,4.9499998,1
NCGC00370813-01,Clc1cc(CNCCc2ccc(NC(=N)c3sccc3)cc2)ccc1,4.9499998,1
NCGC00371074-02,Clc1cc(COc2nc(N3CCNCC3)cnc2)ccc1,4.9000001,1
NCGC00386232-01,Clc1cc(C[C@H](NC(=O)c2n(C)nc(C(C)(C)C)c2)C(=O)NCC#N)ccc1,6.5500002,1
NCGC00509862-02,Clc1cc(Cl)cc(C2(C(F)(F)F)ON=C(c3cc(C)c(C(=O)NCC(=O)NCC(F)(F)F)cc3)C2)c1,4.9499998,1
NCGC00165902-08,Clc1cc(N(S(=O)(=O)c2cc3/C(=C/c4c(C)c(C(=O)N5CCN(C)CC5)c(C)[nH]4)/C(=O)Nc3cc2)C)ccc1,4.9000001,1
NCGC00346940-03,Clc1cc(Nc2nc(-c3cc(NCCCO)ncc3)ccn2)ccc1,4.9499998,1
NCGC00386524-01,Clc1cc(c(OC)cc1)[C@@]1(F)C(=O)Nc2c1ccc(C(F)(F)F)c2,4.9000001,1
NCGC00013683-06,Clc1cc2/C(=C/CCN(C)C)/c3c(Sc2cc1)cccc3,5.0500002,1
NCGC00021145-11,Clc1cc2C(N3CCN(C)CC3)=Nc3c(Oc2cc1)cccc3,5,1
NCGC00015004-13,Clc1cc2C(N3CCNCC3)=Nc3c(Oc2cc1)cccc3,5.0500002,1
NCGC00182081-04,Clc1cc2C(OCCN(C)C)=Cc3c(Sc2cc1)cccc3,4.9000001,1
NCGC00015273-15&NCGC00015273-19,Clc1cc2N(CCCN(C)C)c3c(Sc2cc1)cccc3,5,1
NCGC00015264-13&NCGC00015264-24,Clc1cc2N(CCCN(C)C)c3c(cccc3)CCc2cc1,4.9625001,1
NCGC00014648-04,Clc1cc2N(CCCN3CCC4(SCC(=O)N4)CC3)c3c(Sc2cc1)cccc3,4.9000001,1
NCGC00015856-10,Clc1cc2N(CCCN3CCN(C)CC3)c3c(Sc2cc1)cccc3,5.0500002,1
NCGC00015826-13,Clc1cc2N(CCCN3CCN(CCO)CC3)c3c(Sc2cc1)cccc3,4.9000001,1
NCGC00024936-06,Clc1cc2N=C(N3CCNCC3)c3c(Nc2cc1)cccc3,5.0500002,1
NCGC00188689-09,Clc1cc2[C@@H]3[C@@H](c4c(Oc2cc1)cccc4)CN(C)C3,5,1
NCGC00159337-04&NCGC00159337-12,Clc1cc2[C@](C(F)(F)F)(C#CC3CC3)OC(=O)Nc2cc1,4.91666675,1
NCGC00015619-13,Clc1cc2c(/C(=C/3\CCN(C(=O)OCC)CC\3)/c3ncccc3CC2)cc1,4.9749999,1
NCGC00159325-05,Clc1cc2c(/C(=C/3\CCNCC\3)/c3ncccc3CC2)cc1,4.9499998,1
NCGC00386213-04,Clc1cc2c(C(=C3CCN(Cc4cc(C)cnc4)CC3)c3ncccc3CC2)cc1,4.9000001,1
NCGC00386219-06,Clc1cc2c(C)c(S(=O)(=O)Nc3cc(N4CCNCC4)c(OC)cc3)sc2cc1,4.9000001,1
NCGC00250389-02,Clc1cc2c(CCOc3ccc(C(=O)O)cc3)c(C)n(C(c3ccccc3)c3ccccc3)c2cc1,4.9000001,1
NCGC00485104-01,Clc1cc2c(n(CC(O)CNC(CO)(CO)CO)c3c2cc(Cl)cc3)cc1,4.9000001,1
NCGC00386822-01,Clc1cc2nccc(N3CCN(C(=O)c4ccc(Cl)cc4)CC3)c2cc1,4.9000001,1
NCGC00017063-07&NCGC00017063-13,Clc1cc2nccc(Nc3cc(CN(CC)CC)c(O)cc3)c2cc1,5.4250002,1
NCGC00480754-01,Clc1ccc(-c2c(N)ncc(-c3cnc(N)cc3)c2)cc1,5.4000001,1
NCGC00371047-02,Clc1ccc(-c2n(c(C)c(C(=O)CC)c2)-c2ccc(S(=O)(=O)N)cc2)cc1,5,1
NCGC00388282-01,Clc1ccc(-c2oc(C(=O)N(Cc3ncccc3)c3ccc(N4CCNCC4)cc3)cc2)cc1,4.9000001,1
NCGC00346700-13,Clc1ccc(-c2oc(C(=O)Nc3cc(OC)cc(OC)c3)cc2)cc1,4.9000001,1
NCGC00370950-02,Clc1ccc(-c2sc3C(=O)N(c4cc(OC)c(OCCN5CCCC5)cc4)C=Nc3c2)cc1,5.1500001,1
NCGC00183024-01,Clc1ccc(C(=O)n2c(C)c(CC(=O)OCCN3CCN(CCCOC(=O)CCC(NC(=O)c4ccccc4)C(=O)N(CCC)CCC)CC3)c3c2ccc(OC)c3)cc1,4.9000001,1
NCGC00179384-10,Clc1ccc(C(N2CCN(C)CC2)c2ccccc2)cc1,4.9000001,1
NCGC00018271-07,Clc1ccc(C(N2CCN(C)CCC2)c2ccccc2)cc1,5.3000002,1
NCGC00386387-01,Clc1ccc(C(N2CCN(Cc3ccc(C(C)(C)C)cc3)CC2)c2ccccc2)cc1,4.9000001,1
NCGC00484055-01,Clc1ccc(C(OCCN(C)C)(C)c2ccccc2)cc1,5,1
NCGC00178069-05,Clc1ccc(C(OCCN2CCCCC2)c2ccccc2)cc1,5.5,1
NCGC00015608-11&NCGC00015608-22,Clc1ccc(C2(O)CCN(CCC(C(=O)N(C)C)(c3ccccc3)c3ccccc3)CC2)cc1,5.07500005,1
NCGC00177979-05,Clc1ccc(CC2=NN(C(=O)c3c2cccc3)C2CCN(C)CCC2)cc1,4.9499998,1
NCGC00370823-03,Clc1ccc(CCCOCCCN2CCCCC2)cc1,4.8499999,1
NCGC00162249-09,Clc1ccc(Cn2c(CC(C(=O)O)(C)C)c(SC(C)(C)C)c3c2ccc(C(C)C)c3)cc1,5,1
NCGC00510233-01,Clc1ccc(NC(=O)[C@H](C)C2CCC(c3c4c(ncc3)ccc(F)c4)CC2)cc1,4.9000001,1
NCGC00016600-08,Clc1ccc(NC=2/C(=N/C(C)C)/C=C3N(c4ccc(Cl)cc4)c4c(N=C3C=2)cccc4)cc1,5.4499998,1
NCGC00351608-02,Clc1ccc(OCC(=O)N2CCN(C(C)C=3N(c4c(OCC)cccc4)C(=O)c4c(N=3)cccc4)CC2)cc1,4.9000001,1
NCGC00165768-05,Clc1ccc(Oc2ccc(-c3[nH]c4c(n3)cc(C(=O)N)cc4)cc2)cc1,5,1
NCGC00386585-01,Clc1ccc(S(=O)(=O)c2c3c(n(C)c2)c(N2CCNCC2)ccc3)cc1,4.9000001,1
NCGC00016710-05,Clc1ccc([C@@](OCC[C@@H]2N(C)CCC2)(C)c2ccccc2)cc1,4.9499998,1
NCGC00490687-03,Clc1n(-c2ccc(-c3c(O)c(OC)ccc3)cc2)c2C(=O)N(c3cc(OC)ccc3)C(=O)Nc2c1,5,1
NCGC00247877-09,Clc1nc(N)nc2n(Cc3c(C)c(OC)c(C)cn3)cnc12,5.0999999,1
NCGC00387732-02,Clc1nccc(Nc2nc(-c3c(CC4CC4)nc(NCC(O)(C)C)nc3)ccn2)c1,6.5,1
NCGC00249417-03,Clc1sc(S(=O)(=O)Nc2c(C(=O)Nc3ccc(S(=O)(=O)N4CCOCC4)cc3)cc(Cl)cc2)cc1,4.9000001,1
NCGC00378842-04,FC(F)(C(F)F)COc1cc(CNCCc2c3c([nH]c2)cc(F)cc3)ccc1,4.9499998,1
NCGC00482953-01,FC(F)(F)C(Oc1nc(N)nc(-c2ccc(C[C@@H](N)C(=O)O)cc2)c1)c1ccc(-c2cc(F)ccc2)cc1,4.9000001,1
NCGC00480794-01,FC(F)(F)C(Oc1nc(N)nc(-c2ccc(C[C@H](N)C(=O)O)cc2)c1)c1ccc(-c2cc(F)ccc2)cc1,4.9499998,1
NCGC00510498-01,FC(F)(F)CC[C@H](Oc1cc(C)c(c(C)c1)-c1ccc(C(C)(C)C)cc1)c1ccc(C(=O)NCCC(=O)O)cc1,5.6500001,1
NCGC00263142-04,FC(F)(F)Oc1ccc(-c2cc3c(C(=O)C(=O)O)cn(Cc4ccccc4)c3cc2)cc1,4.9000001,1
NCGC00346808-03,FC(F)(F)Oc1ccc(Nc2ncnc(-c3cc(C(=O)N)ccc3)c2)cc1,4.9499998,1
NCGC00378773-01,FC(F)(F)[C@@](O)(CC(C)(C)c1c(O)ccc(F)c1)Cc1[nH]c2c(c1)ccnc2,4.9000001,1
NCGC00378614-02,FC(F)(F)c1c(CN2CCN(C)CC2)ccc(C(=O)Nc2cc(Nc3nc(-c4cnccc4)ccn3)c(C)nc2)c1,5.0999999,1
NCGC00346514-04&NCGC00346514-07,FC(F)(F)c1c(CN2C[C@@H](N(C)C)CC2)ccc(C(=O)Nc2cc(Nc3ncc(-c4cncnc4)cn3)c(C)cc2)c1,5.04999995,1
NCGC00189393-09,FC(F)(F)c1c(F)ccc(NC(=O)Nc2sc(-c3ccncc3)nn2)c1,5.9499998,1
NCGC00387483-01,FC(F)(F)c1c2c(n(O)c(C(=O)OC)c2)cc(-c2ccccc2)c1,4.9499998,1
NCGC00511354-01,FC(F)(F)c1cc(-c2n3N=C(NC4CCC(C(O)(C)C)CC4)C=Cc3nc2)ccc1,6,1
NCGC00386701-02,FC(F)(F)c1cc(-n2c3c(c(CN(CCN(CC=4C(=O)c5c(OC=4)cc(C)c(C)c5)C)C)c2)cccc3)ccc1,5.5999999,1
NCGC00345836-13,FC(F)(F)c1cc(/C=C\2/C(=O)NC(=O)S/2)ccc1,4.9000001,1
NCGC00346936-13,FC(F)(F)c1cc(NC(=O)Nc2cc(Nc3cc4NC(=O)/C(=C\c5[nH]ccc5)/c4cc3)c(C)cc2)c(F)cc1,5.5500002,1
NCGC00242057-03,FC(F)(F)c1cc(NC(=O)Nc2ccc(-c3c(-c4ccc(OC)cc4)oc4ncnc(N)c34)cc2)c(F)cc1,4.9499998,1
NCGC00263214-02,FC(F)(F)c1cc(NC(=O)c2c(C)n(CCCN3CCOCC3)c(-c3ccccc3)c2)ccc1,4.9000001,1
NCGC00249391-11,FC(F)(F)c1cc(NC(=O)c2cc(Nc3nc(-c4cnccc4)nc4n(C)ncc34)c(C)cc2)ccc1,5.9000001,1
NCGC00181168-01,FC(F)(F)c1cc2N(CC(CN(C)C)C)c3c(Sc2cc1)cccc3,5,1
NCGC00016012-08&NCGC00016012-12,FC(F)(F)c1cc2N(CCCN(C)C)c3c(Sc2cc1)cccc3,5.0250001,1
NCGC00386699-01,FC(F)(F)c1cc2N(CCCN3CCN(CCOC(=O)CCCCCCCCC)CC3)c3c(Sc2cc1)cccc3,4.9000001,1
NCGC00370782-01,FC(F)(F)c1ccc(-c2c(C(N3CCC(C)CC3)c3ccc(F)cc3)ccc(C(C(=O)O)C)c2)cc1,4.9499998,1
NCGC00386948-01,FC(F)(F)c1ccc(-c2cc(COc3ccc([C@@H](C#CC)CC(=O)O)cc3)ccc2)cc1,4.9499998,1
NCGC00384350-01,FC(F)(F)c1ccc(-c2nc(C=3C(=O)N(c4c(CC)cccc4CC)C(C=C(C)C)=C(C(=O)N4CCNCC4)C=3)sc2)cc1,5.25,1
NCGC00371145-02,FC(F)(F)c1ccc(C2=NN(C)C3=NC(=O)N(C)C(=O)C3=N2)cc1,5,1
NCGC00015428-15,FC(F)(F)c1ccc(OC(CCNC)c2ccccc2)cc1,5.3499999,1
NCGC00250407-05,FC(F)(F)c1nc(-c2nccc(Oc3cc4nc(Nc5ccc(C(F)(F)F)cc5)n(C)c4cc3)c2)[nH]c1,5.8000002,1
NCGC00094994-10,FC(F)(F)c1nc2c(C(F)(F)F)cccc2c(C(O)C2NCCCC2)c1,4.9499998,1
NCGC00390672-01,FC(F)Oc1c(OC(F)F)cc2c(c1)cc([C@@](O)(C(C)C)c1nn[nH]c1)cc2,4.9499998,1
NCGC00186009-04,FC1(F)Oc2c(O1)ccc(/C=C\1/C(=O)NC(=O)S/1)c2,4.9000001,1
NCGC00386330-03,FCC(=O)[C@@H](NC(=O)[C@@H](NC(=O)OCc1ccccc1)Cc1ccccc1)C,6.5,1
NCGC00387272-01,Fc1c(-c2[nH]c(c(-c3ccc(F)cc3)n2)-c2ccncc2)c(F)ccc1,5.4499998,1
NCGC00387273-01,Fc1c(-c2[nH]c(c(-c3ccc(F)cc3)n2)-c2ccncc2)cccc1,4.9499998,1
NCGC00510688-01,Fc1c(-c2c(F)ccc(C(=O)Nc3c([C@H]4C[C@@H](N)C[C@@H](C)C4)ccnc3)n2)c(F)ccc1,5.0500002,1
NCGC00351599-02,Fc1c(-c2cc(F)c3nc(C)n(C(C)C)c3c2)nc(Nc2ncc(CN3CCN(CC)CC3)cc2)nc1,5.0999999,1
NCGC00386429-04,Fc1c(-c2nc(N3CCOCC3)c3sc(CN4CCN(CC5CC5)CC4)cc3n2)c2c([nH]cc2)cc1,4.9000001,1
NCGC00351982-01,Fc1c(C)cc(-c2occ(CN3CCC(C(=O)NCCCN4C[C@H](C)C[C@H](C)C4)CC3)n2)cc1,5.3499999,1
NCGC00381751-04,Fc1c(C=2S[C@](CCCN)(N(C(=O)N(OC)C)N=2)c2ccccc2)cc(F)cc1,4.9000001,1
NCGC00509985-02,Fc1c(CN2C(=O)N(c3ccccc3)C(=O)c3c(CN(Cc4ccccc4)C)c(-c4ccc(NC(=O)NOC)cc4)sc23)c(F)ccc1,4.9000001,1
NCGC00370900-01,Fc1c(F)ccc(Oc2ccc(CN3CCC(c4c(C)ccc(NC(=O)C(C)C)c4)CC3)cc2)c1,4.9000001,1
NCGC00250403-11,Fc1c(NC(=O)Nc2ccc(-c3c4c(N)n[nH]c4ccc3)cc2)cc(C)cc1,4.9499998,1
NCGC00345848-02,Fc1c(Oc2c3c(ncc2)cc(OC)cc3)ccc(NC(=O)C=2C(=O)N(N(CC(O)(C)C)C=2C)c2ccccc2)c1,5,1
NCGC00378974-02,Fc1c(Oc2cc(-c3cn(C)nc3)ncc2)cc(F)c(NC(=O)C2(C(=O)Nc3ccccc3)CC2)c1,4.9000001,1
NCGC00274060-01,Fc1c([C@]2(Cn3ncnc3)OCC(COc3ccc(N4CCN(c5ccc(N6C(=O)N([C@H]([C@@H](O)C)CC)N=C6)cc5)CC4)cc3)C2)ccc(F)c1,5.6500001,1
NCGC00378713-01&NCGC00378713-03,Fc1c2c(cc(F)c1)CC[C@H](N[C@H](C(=O)Nc1ncn(C(CNCC(C)(C)C)(C)C)c1)CCC)C2,4.9000001,1
NCGC00263108-02,Fc1cc(-c2cnc(/C=C/[C@@H]3[C@@H]4[C@@H](C)OC(=O)[C@@H]4C[C@H]4[C@H]3CC[C@@H](NC(=O)OCC)C4)cc2)ccc1,5,1
NCGC00482976-01,Fc1cc(-c2cnc(/C=C/[C@H]3[C@H]4[C@@H](C[C@H](NC(=O)OCC)CC4)C[C@H]4C(=O)O[C@H](C)C34)cc2)ccc1,5.0500002,1
NCGC00346483-02&NCGC00346483-11,Fc1cc(Cn2ncc3c2ccc(NC2=NC=Nn4c2c(C)c(NC(=O)OC[C@H]2NCCOC2)c4)c3)ccc1,4.9000001,1
NCGC00378942-03,Fc1cc2c(C3=C(c4n5c(nc4)C=CC=C5)C(=O)NC3=O)cn3c2c(c1)CN(C(=O)N1CCCCC1)CC3,4.9000001,1
NCGC00379246-01,Fc1cc2nc(-c3cc(C)c(NC(=O)[C@@H](N)CCCCN)cc3)sc2cc1,4.9000001,1
NCGC00188864-02,Fc1cc2onc(C3CCN(CCCOc4c(OC)cc(C(=O)C)cc4)CC3)c2cc1,4.9000001,1
NCGC00015962-25,Fc1ccc(-c2c(-c3ccncc3)nc(-c3ccc(O)cc3)[nH]2)cc1,4.9499998,1
NCGC00346537-04,Fc1ccc(-c2c(-c3nc4n(CC(C)(C)C)c(N)nc4cc3)[nH]c(C(C)(C)C)n2)cc1,5.8499999,1
NCGC00241112-04,Fc1ccc(-c2c(n(CCCc3ccccc3)c(C#CCCO)n2)-c2ccncc2)cc1,5,1
NCGC00183858-01,Fc1ccc(-c2c3c(nc(N4CCN(CC)CC4)c2)CCCCCC3)cc1,5.25,1
NCGC00346625-03,Fc1ccc(-c2oc(/C=C/3\C(=O)NC(=O)S\3)cc2)cc1,5.1999998,1
NCGC00021146-09,Fc1ccc(C(=O)C2CCN(CCN3C(=O)Nc4c(C3=O)cccc4)CC2)cc1,4.9000001,1
NCGC00485045-01,Fc1ccc(C(=O)CCCN2CCC3(N(c4ccccc4)CN(C)C3=O)CC2)cc1,5.1999998,1
NCGC00015964-17,Fc1ccc(C(=O)CCCN2CCC3(N(c4ccccc4)CNC3=O)CC2)cc1,4.9000001,1
NCGC00378579-06,Fc1ccc(C(=O)c2nc([C@H]3N(C(=O)[C@@H](NC(=O)[C@@H](NC)C)C4CCCCC4)CCC3)sc2)cc1,4.9000001,1
NCGC00386631-01,Fc1ccc(C(CCOc2c(OCCN3CCCCC3)c(C(=O)C)c(C)c3nc(C)oc23)C)cc1,4.9000001,1
NCGC00018102-12,Fc1ccc(C(N2CCN(C/C=C/c3ccccc3)CC2)c2ccc(F)cc2)cc1,4.9499998,1
NCGC00384249-01,Fc1ccc(C(N2CCN(Cc3c(C)nc(C)c(C)n3)CC2)c2ccc(F)cc2)cc1,4.9499998,1
NCGC00164543-02,Fc1ccc(C(N2CCN(Cc3c(OC)c(OC)c(OC)cc3)CC2)c2ccc(F)cc2)cc1,4.9499998,1
NCGC00370917-01,Fc1ccc(C(OC2C[C@@H]3N(CCCC)[C@H](C2)CC3)c2ccc(F)cc2)cc1,5,1
NCGC00387684-01,Fc1ccc(C2C([N+](=O)[O-])=Cc3c(c(OCC)ccc3)O2)cc1,4.9000001,1
NCGC00378929-01,Fc1ccc(C2c3nc(Nc4cc(OC)c(-n5cc(C)nc5)cc4)sc3CCC2)cc1,4.9499998,1
NCGC00402234-02,Fc1ccc(C=2n3nc(C(C)(C)C)cc3N=C(C(=O)N(CCN(C)C)Cc3ccccc3)C=2)cc1,4.9000001,1
NCGC00387775-03,Fc1ccc(CCOc2ccc(CCCc3oc(C(=O)O)cc3)cc2)cc1,4.9000001,1
NCGC00420704-02,Fc1ccc(Cc2cnc3C(C)(C)CN(C(=O)CN4[C@@H](CN5[C@H](C)COCC5)CN[C@H](C)C4)c3c2)cc1,4.9499998,1
NCGC00183837-01,Fc1ccc(N2CCN(CCCC(=O)NC3c4c(SCc5c3cccc5)cccc4)CC2)cc1,4.9000001,1
NCGC00159569-02,Fc1ccc(Nc2c(Nc3ccc(F)cc3)cc3C(=O)NC(=O)c3c2)cc1,5,1
NCGC00408843-01,Fc1ccc(Nc2nc(C)c(C)c(N3C(C)c4c(cccc4)CC3)n2)cc1,4.9000001,1
NCGC00370967-01,Fc1ccc(Oc2cc3C(=O)N(C[C@@H]4CN(C(C)C)CCC4)C(C)=Nc3cc2)cc1,4.9499998,1
NCGC00165726-04,Ic1c(C(=O)c2c3c(n(CC4N(C)CCCC4)c2)cccc3)cc([N+](=O)[O-])cc1,4.9000001,1
NCGC00166241-02,Ic1c(O)c(I)cc([N+](=O)[O-])c1,4.9000001,1
NCGC00016391-13,Ic1c(O)c2ncccc2c(Cl)c1,5,1
NCGC00015096-17&NCGC00015096-27,Ic1c(OCCN(CC)CC)c(I)cc(C(=O)c2c(CCCC)oc3c2cccc3)c1,5,1
NCGC00015554-13,Ic1c2c(c(S(=O)(=O)N3CCNCCC3)ccc2)ccc1,4.9499998,1
NCGC00188380-05,Ic1cc(F)c(Nc2c(F)c(F)cc(OC)c2NS(=O)(=O)C2(C[C@H](O)CO)CC2)cc1,4.9499998,1
NCGC00015478-17,Ic1cc2/C(=C/c3cc(Br)c(O)c(Br)c3)/C(=O)Nc2cc1,5.1500001,1
NCGC00386570-01,N#Cc1ccc(-c2cc3c(oc(CCN4[C@H](C)CCC4)c3)cc2)cc1,4.9000001,1
NCGC00015817-14&NCGC00015817-17,N(C(CN1c2c(Sc3c1cccc3)cccc2)C)(C)C,4.97500015,1
NCGC00178860-06,N(C(CN1c2c(Sc3c1cccc3)cccc2)C)(CC)CC,4.9000001,1
NCGC00014352-10,N(C)(C)c1c(CN2C(N(Cc3c(N(C)C)cccc3)CCC2)c2ccncc2)cccc1,5.3000002,1
NCGC00016013-06,N(CC(CN1c2c(cccc2)CCc2c1cccc2)C)(C)C,5,1
NCGC00181088-01,N(CC/C=C/1\c2c(C(C)(C)c3c\1cccc3)cccc2)(C)C,4.9499998,1
NCGC00013841-09,N(CC/C=C/1\c2c(cccc2)C=Cc2c\1cccc2)(C)C,4.9000001,1
NCGC00015095-15,N(CC/C=C/1\c2c(cccc2)CCc2c\1cccc2)(C)C,4.9000001,1
NCGC00016549-05,N(CC/C=C\1/c2c(SCc3c/1cccc3)cccc2)(C)C,4.9000001,1
NCGC00013841-13,N(CCC=C1c2c(cccc2)C=Cc2c1cccc2)(C)C,5,1
NCGC00014483-16,N(CCC=C1c2c(cccc2)CCc2c1cccc2)C,4.9000001,1
NCGC00015708-15&NCGC00015708-19,N(CCCC12c3c(cccc3)C(c3c1cccc3)CC2)C,4.9000001,1
NCGC00015851-10,N(CCCC1c2c(cccc2)C=Cc2c1cccc2)C,4.9000001,1
NCGC00387146-01,N(CCCCCN)C1(c2ccccc2)CCCCC1,4.9000001,1
NCGC00167576-02,N(CCCN(c1ccccc1)C1Cc2c(cccc2)C1)(CC)CC,5.0500002,1
NCGC00379163-01,N(CCCN1CC2(CC1)CCC(CCC)(CCC)CC2)(CC)CC,5.5500002,1
NCGC00015563-13,N(CCCN1c2c(cccc2)CCc2c1cccc2)(C)C,5.0500002,1
NCGC00015340-14&NCGC00261043-01,N(CCCN1c2c(cccc2)CCc2c1cccc2)C,5,1
NCGC00021122-08,N(CCCc1ccccc1)(CCCc1ccccc1)CC,5.3000002,1
NCGC00386578-02,N(CCc1c2c([nH]c1)cccc2)c1cc(Nc2ccncc2)ccc1,4.9000001,1
NCGC00263171-03,N(CCc1c2c([nH]c1)cccc2)c1ccc(Nc2ccncc2)cc1,5.0500002,1
NCGC00178737-05,N(C[C@@H](CN1c2c(Sc3c1cccc3)cccc2)C)(C)C,4.9000001,1
NCGC00347065-03,N(Cc1ccccc1)c1nc(N2c3c(OCC2)cccc3)nc2c1CCCC2,4.9000001,1
NCGC00386665-06,N(c1nn(c(N)n1)-c1nnc2-c3c(cccc3)CCCc2c1)c1cc2c(cc1)CC[C@H](N1CCCC1)CC2,6,1
NCGC00344081-06,N(c1scc(-c2ccncc2)n1)c1cc(C)ccc1,6,1
NCGC00345823-02,NC(C)(C)c1ccc(-c2c(-c3ccccc3)nc3c(n2)cccc3)cc1,4.9000001,1
NCGC00262942-01,NC/C(=C(/c1ccccc1)\c1ccccc1)/CC,4.9499998,1
NCGC00094819-07,NC1(C)CN(CC(CCCC)CC)CN(CC(CCCC)CC)C1,5.4499998,1
NCGC00370827-02,N[C@H]1CN(c2nc(N)nc3-c4c(cccc4)CCCc23)CC1,5.0500002,1
NCGC00015771-13,O(C(c1c(C)cccc1)c1ccccc1)CCN(C)C,5.5,1
NCGC00013495-15,O(C(c1ccccc1)c1ccccc1)C1C[C@@H]2N(C)[C@H](C1)CC2,5.007,1
NCGC00370962-01,O(C(c1ccccc1)c1ccccc1)CC1CCN(CCCc2ccc(OC)cc2)CC1,5,1
NCGC00181913-02,O(C(c1ccccc1)c1ccccc1)CCN(C(C(O)c1ccccc1)C)C,4.9000001,1
NCGC00390625-02,O(C)c1c(CN[C@@H]2[C@H](C(c3ccccc3)c3ccccc3)N3CCC2CC3)cc(C(C)(C)C)cc1,4.9499998,1
NCGC00390638-01,O(C)c1c(Nc2nc(-c3c4c(n(C)c3)cccc4)ccn2)cc(N)c(N(CCN(C)C)C)c1,4.9000001,1
NCGC00389251-02,O(C)c1c(Nc2nc(-c3c4c(n(C)c3)cncc4)ccn2)ccc(N2CCN(C)CC2)c1,5.0500002,1
NCGC00507875-01,O(C)c1c(Nc2nc3N(C)c4c(C(=O)Nc3cn2)cccc4)ccc(N2CCN(C)CC2)c1,5.0500002,1
NCGC00247556-02,O(C)c1c(O)c2Oc3c(OC)cc4c([C@@H](N(C)CC4)Cc4ccc(Oc5c(OC)ccc(c5)C[C@@H]5N(C)CCc(c25)c1)cc4)c3,5.5500002,1
NCGC00390660-02,O(C)c1c(OC)cc(-c2c(C)ncc(-c3ccc(N4CCNCC4)cc3)c2)cc1OC,4.9499998,1
NCGC00017376-12,O(C)c1c(OC)cc2c3[C@@H](N(C)CC2)Cc2cc(c(OC)cc2)Oc2ccc(cc2)C[C@@H]2N(C)CCc4c2cc(c(OC)c4)Oc13,5.8000002,1
NCGC00017375-03,O(C)c1c(OC)cc2c3[C@H](N(C)CC2)Cc2cc(c(O)cc2)Oc2ccc(cc2)C[C@@H]2N(C)CCc4c2cc(c(OC)c4)Oc13,5.8499999,1
NCGC00263017-01,O(C)c1c(OC)cc2nc(-c3ccc(N4CCN(C)CC4)cc3)nc(NCCN3CCOCC3)c2c1,4.9000001,1
NCGC00370891-01,O(C)c1c(OC)cc2nc(N3CCC(N4CCCCC4)CC3)nc(NC3CCCCCC3)c2c1,5.5999999,1
NCGC00185849-01,O(C)c1c(OC)cc2nc(N3CCCCC3)nc(NC3CCN(Cc4ccccc4)CC3)c2c1,5.5,1
NCGC00402348-02,O(C)c1c(OC)cc2ncnc(N3CC(Oc4nc5c(nc4)cccc5)CC3)c2c1,5,1
NCGC00378775-01,O(C)c1c(OC)ccc(CC2NCCc3c4c([nH]c23)ccc(C)c4)c1,4.9000001,1
NCGC00161621-03&NCGC00161621-13,O(C)c1c2Oc3c4OCOc4cc4c3[C@@H](N(C)CC4)Cc3ccc(Oc4c(OC)ccc(c4)C[C@H]4N(C)CCc(c4c2)c1)cc3,5.67499995,1
NCGC00165875-04,O(C)c1c2c(C(CCCN3CCN(C4CCCCC4)CC3)CCC2)ccc1,4.9749999,1
NCGC00485134-01,O(C)c1c2c(c(CNCCc3ccc(OC)cc3)cc1)cccc2,4.9000001,1
NCGC00510503-01,O(C)c1cc(N(CC)Cc2ccc(CCNCC)cc2)c([C@H]2Cc3c(cc(O)cc3)CC2)cc1,5.6500001,1
NCGC00386990-01,O(C)c1cc(NCCCCCCN(CC)CC)c2nccc(C)c2c1,4.9000001,1
NCGC00183677-03,O(C)c1cc(O)c2C(=O)O[C@@H](C)C/C=C\C(=O)[C@@H](O)[C@@H](O)CC3OC3c2c1,5.0500002,1
NCGC00179370-05,O(C)c1cc2N(C[C@@H](CN(C)C)C)c3c(Sc2cc1)cccc3,4.9000001,1
NCGC00487085-02,O(C)c1cc2[C@@]3([C@H](c4cc5[nH]nc(/C=C/c6ccc(CN7C[C@@H](C)O[C@@H](C)C7)cc6)c5cc4)C3)C(=O)Nc2cc1,4.9000001,1
NCGC00163505-09,O(C)c1cc2c(C3=C(c4c5c([nH]c4)cccc5)C(=O)NC3=O)cn(CCCN(C)C)c2cc1,4.9000001,1
NCGC00180461-02,O(C)c1cc2c([C@H](O)[C@@H]3N4C[C@H](CC)[C@H](C3)CC4)ccnc2cc1,4.9000001,1
NCGC00390402-02,O(C)c1ccc(-c2nc3c(c(C(O)C4NCCCC4)c2)cccc3)cc1,4.9000001,1
NCGC00345813-03,O(C)c1ccc(C2=C(O)C(=O)c3c(O)cc(O)c(CC=C(C)C)c3O2)cc1,4.9000001,1
NCGC00386057-01,O(C/C=C(/CCC=C(C)C)\C)CC1C(O)C(O)C(N2C(=O)NC(=O)C=C2)O1,5,1
NCGC00015155-11&NCGC00015155-14,O(CC(C)C)CC(CN(Cc1ccccc1)c1ccccc1)N1CCCC1,4.95000005,1
NCGC00370878-01,O(CC)c1c(OCC)ccc(-c2onc(-c3c4c(C(NCCO)CC4)ccc3)n2)c1,5.0999999,1
NCGC00347280-04,O(CC1CC1)c1c(c(O)ccc1)-c1nc(N)c(C#N)c(C2CCNCC2)c1,5,1
NCGC00390649-02,O(CC1CC1)c1c(c(O)ccc1)-c1nc2NC(=O)OCc2c([C@H]2CNCCC2)c1,4.9499998,1
NCGC00345793-01,O(CC1CCN(C)CC1)c1cnc(-c2cc(CN3C(=O)C=CC(c4cc(C#N)ccc4)=N3)ccc2)nc1,4.9000001,1
NCGC00378574-01,O(CCCCN1CCN(c2c3c(scc3)ccc2)CC1)c1cc2NC(=O)C=Cc2cc1,4.9499998,1
NCGC00024778-02,O(CCCCNC)c1c(Cc2ccccc2)cccc1,4.9000001,1
NCGC00249914-01,O(CCCN(C)C)C1(Cc2ccccc2)CCCCCC1,4.9000001,1
NCGC00016397-04,O(CCCN(C)C)c1nn(Cc2ccccc2)c2c1cccc2,4.9000001,1
NCGC00189130-07,O(CCCN1CCCCC1)c1c(OC)cc2c(NC3CCN(CC4CCCCC4)CC3)nc(N3CCN(C(C)C)CCC3)nc2c1,4.8499999,1
NCGC00371012-01,O(CCCN1CCCCC1)c1ccc(CN2CCCCC2)cc1,4.9499998,1
NCGC00024928-14&NCGC00024928-23,O(CCN(C)C)c1ccc(/C(=C(/CC)\c2ccccc2)/c2ccccc2)cc1,5.4749999,1
NCGC00016618-04,O(CCN(C)C)c1nc(CCCC)cc2c1cccc2,4.9000001,1
NCGC00095196-07,O(CCN(CC)CC)c1cc2C(=O)c3c(-c2cc1)ccc(OCCN(CC)CC)c3,4.8249998,1
NCGC00370679-04,O(CCN1C(=O)COC(COc2c3c([nH]c4c3cccc4)ccc2)C1)c1c(OC)cccc1,5,1
NCGC00510909-01,O(CCN1CCCCC1)c1ccc([C@H]2C(c3ccc(O)cc3)=C(C)c3c(O2)cc(O)cc3)cc1,4.9499998,1
NCGC00508900-01,O(CCN1CCOCC1)c1ccc(C2=Cn3ncc(-c4c5c(ncc4)cccc5)c3N=C2)cc1,5.3499999,1
NCGC00388561-04,O(CCNCC(O)CCOc1c2c([nH]c3c2cccc3)ccc1)c1c(OC)cccc1,4.9000001,1
NCGC00167832-06,O(CCNCC(O)COc1c2c([nH]c3c2cccc3)ccc1)c1c(OC)cccc1,4.9000001,1
NCGC00253658-01,O(CC[C@H](N(C)C)c1ccccc1)c1c2c(ccc1)cccc2,4.9000001,1
NCGC00378545-01,O(C[C@@H](O)CN[C@@H]1c2c(cccc2)CCC1)c1c(CC)cccc1,4.9000001,1
NCGC00385658-01,O(C[C@@H]1[C@@H](O[C@H]2[C@H](O)[C@@H](O)[C@@H](O)[C@@H](CO)O2)[C@H](O)[C@@H](O)[C@H](O[C@H]2[C@H](O)[C@@H](O)[C@H](O[C@@H]3C[C@@H]4[C@@](C)(C5[C@H](C6[C@@](C)([C@H]7[C@H](C)[C@@]8(O[C@H]7C6)OC[C@@H](C)CC8)CC5)CC4)CC3)O[C@@H]2CO)O1)[C@H]1[C@H](O)[C@@H](O)[C@H](O)CO1,5.4499998,1
NCGC00386129-03,O(Cc1ccccc1)c1cc(-c2c3c(N)ncnc3n(C3CC(CN4CCCC4)C3)c2)ccc1,4.9000001,1
NCGC00346630-05,O(Cc1nc2c(cc1)cccc2)c1ccc(-c2c(-c3ccncc3)cn(C)n2)cc1,4.9000001,1
NCGC00164559-03,O([C@@H](CCNC)c1sccc1)c1c2c(ccc1)cccc2,5.0500002,1
NCGC00351592-01,O([C@@H]([C@H](O)c1cc(OC)c(OC)cc1)C)c1c(OC)cc([C@@H]2[C@H](C)[C@@H](C)[C@@H](c3cc(OC)c(O[C@@H]([C@H](O)c4cc(OC)c(OC)cc4)C)cc3)O2)cc1,5.5,1
NCGC00386040-01,O([C@@H]1[C@@H](O)[C@@H](O[C@H]2[C@H](O[C@H]3[C@H](O)[C@@H](O)[C@H](O)CO3)[C@@H](O)[C@H](O)[C@@H](CO)O2)CO[C@H]1O[C@@H]1[C@](CO)(C)C2[C@@](C)(C3[C@](C)([C@@]4(C)[C@]5(OC[C@@]6([C@H](O)C4)[C@H]5CC(C)(C)CC6)CC3)CC2)CC1)[C@H]1[C@H](O)[C@@H](O)[C@H](O)[C@@H](CO)O1,5.4499998,1
NCGC00263094-05,O(c1c(-c2nc(N)ncc2)cccn1)c1ccc(Nc2nnc(-c3scc(C)c3)c3c2cccc3)cc1,4.9000001,1
NCGC00378594-02,O(c1ccc(-c2nn([C@H]3CNCCC3)c3ncnc(N)c23)cc1)c1ccccc1,4.9000001,1
NCGC00344053-04,O(c1nc(Nc2ccc(N3CCOCC3)cc2)c2ncn(C3CCCCC3)c2n1)c1c2c(ccc1)cccc2,4.9000001,1
NCGC00481574-01,O/C(=N\Cc1c(O)nc(C)cc1C)/c1c2c(C)cn(C(C)C)c2cc(-c2cnc(N3CCN(C)CC3)cc2)c1,5,1
NCGC00487402-01,O/N=C\1/c2nc3c(nc2-c2c/1cccc2)cccc3,5.1999998,1
NCGC00016634-04,O=C(C)c1cc2N(CCCN(C)C)c3c(Sc2cc1)cccc3,4.9000001,1
NCGC00016642-04,O=C(C)c1cc2N(CCCN3CCC(CCO)CC3)c3c(Sc2cc1)cccc3,4.9000001,1
NCGC00015838-06,O=C(CC)c1cc2N(CCCN(C)C)c3c(Sc2cc1)cccc3,4.9000001,1
NCGC00183005-01,O=C(CCC1CCN(Cc2ccccc2)CC1)c1cc2NCCCCc2cc1,4.9499998,1
NCGC00384450-03,O=C(CCN1CCC(Cc2ccccc2)CC1)N1Cc2c(SCC1)ccc(OC)c2,5.1999998,1
NCGC00015819-15&NCGC00015819-17,O=C(CCc1ccccc1)c1c(OCC(O)CNCCC)cccc1,4.9000001,1
NCGC00345853-03,O=C(CN(C)C)N1CCC(c2cc(c(NC(=O)c3[nH]cc(C#N)n3)cc2)C2=CCCCC2)CC1,5,1
NCGC00379180-02,O=C(CN1c2c(N3C1=NCC3)cccc2)c1ccc(-c2ccccc2)cc1,4.9000001,1
NCGC00384170-01,O=C(CNCC(CC)C)N1C(COc2cc(C)ccc2)C2C=CSC2CC1,4.9000001,1
NCGC00379228-03,O=C(CNCC(CC)C)N1C(COc2cc(C)ccc2)c2c(scc2)CC1,4.9000001,1
NCGC00344544-01,O=C(N(C(=O)[C@H]1CN(CC=C)[C@H]2[C@@H](c3c4c([nH]cc4C2)ccc3)C1)CCCN(C)C)NCC,4.9000001,1
NCGC00378788-02,O=C(N(CCN(C)C)Cc1ccc(-c2ccc(CNCCc3ccccc3)cc2)cc1)CCC1CCCC1,5.5999999,1
NCGC00370691-03,O=C(N(CCN)Cc1cc(OC)c(OCc2ccccc2)cc1)c1sccc1,5,1
NCGC00371015-01,O=C(N(c1cc2N(C(=O)C)CCc2cc1)C1CCN(CCC2CCCC2)CC1)/C=C/c1cc(C#N)ccc1,4.9000001,1
NCGC00348156-03,O=C(N)Cc1c2c(n(CCCCCCCC)c1)ccc(-c1cc(C)ccc1)c2,5,1
NCGC00387258-04,O=C(N)c1c(NC(=O)C2CCCCC2)sc(Nc2ccccc2)n1,4.9000001,1
NCGC00351606-08,O=C(N)c1c(Nc2cc(-n3nccn3)ccc2)nc(N[C@H]2[C@@H](N)CCCC2)nc1,5.0500002,1
NCGC00253909-02,O=C(N)c1c(Nc2cc(C)ccc2)nc(N[C@H]2[C@@H](N)CCCC2)nc1,4.9000001,1
NCGC00346435-07&NCGC00346435-13,O=C(N)c1c2nn(-c3ccc([C@H]4CNCCC4)cc3)cc2ccc1,4.9000001,1
NCGC00249351-01,O=C(N)c1ccc(C=2n3ncnc3C(Nc3ccc(N4CCN(CC)CC4)cc3)=CC=2)cc1,5.0999999,1
NCGC00371130-03,O=C(N)c1oc2c(c1)cc(N1CCN(CCCCc3c4c([nH]c3)ccc(C#N)c4)CC1)cc2,5,1
NCGC00167767-12,O=C(N1CCC(N2CCCC2)CC1)c1ccc(Nc2nc(-c3sc4c(c3)cccc4)ccn2)cc1,5.5999999,1
NCGC00018158-09&NCGC00018158-11,O=C(N1CCN(c2nc(N)c3c(n2)cc(OC)c(OC)c3)CC1)C1Oc2c(OC1)cccc2,4.9000001,1
NCGC00510200-01,O=C(NC(=N)Nc1cc(NC(=O)c2ccc(-c3ccccc3)cc2)c(C)cc1)c1cc(OC)c(OC)c(OC)c1,4.9000001,1
NCGC00165863-16,O=C(NC(C)(C)C)Nc1c(-c2cc(OC)cc(OC)c2)cc2c(n1)nc(NCCCCN(CC)CC)nc2,4.8499999,1
NCGC00346543-05,O=C(NC)c1cc2NC(=O)/C(=C(\Nc3cc(CN(C)C)ccc3)/c3ccccc3)/c2cc1,4.9000001,1
NCGC00371151-06,O=C(NC1(C(=O)NCC#N)CCCCC1)c1ccc(N2CCN(CCC)CC2)cc1,5.8000002,1
NCGC00379082-01,O=C(NC1C(=O)NC(C(O)C)C(=O)N2C(C(=O)NC(C(O)C(O)c3ccc(O)cc3)C(=O)NC(C(O)C)C(=O)N3C(C(=O)NC(O)C(O)C1)C(O)C(C)C3)CC(O)C2)c1ccc(-c2ccc(-c3ccc(OCCCCC)cc3)cc2)cc1,5.25,1
NCGC00386261-01,O=C(NC1CC2N(c3ncc(C(=O)C4CC4)cc3)C(C1)CC2)c1c(C)cc(C(=O)N)c(N[C@@H](CC)C)c1,6.5999999,1
NCGC00408801-01,O=C(NC1C[C@H]2N(c3ncc(C(=O)C4CC4)cc3)C(C1)CC2)c1c(C)cc(C(=O)N)c(N[C@@H](CC)C)c1,6.1999998,1
NCGC00247878-08,O=C(NCC)c1c(c(-c2c(O)cc(O)c(C(C)C)c2)on1)-c1ccc(CN2CCOCC2)cc1,6.5,1
NCGC00480919-01,O=C(NCC=1C(=O)NC(C)=CC=1C)c1c2c(C)cn(C(C)C)c2cc(-c2cnc(N3CCN(C)CC3)cc2)c1,4.9000001,1
NCGC00351480-16,O=C(NCC=1C(=O)NC(C)=CC=1CCC)c1c2c(n(C(C)C)nc2)cc(-c2cc(N3CCN(C)CC3)ncc2)c1,4.9000001,1
NCGC00167328-03,O=C(NCCC(C)C)[C@@H](NC(=O)[C@@H]1[C@@H](C(=O)OCC)O1)CC(C)C,5.3000002,1
NCGC00183808-01&NCGC00183808-18,O=C(NCCCN(C)C)c1ccc(-c2cc(O)c3ncccc3c2)cc1,5,1
NCGC00356417-05,O=C(NCCCN1CCCC1)c1cc(C#N)cc(-c2c(N3CCN(CCn4c5c(c(C)c4)cccc5)CC3)cccc2)c1,4.9499998,1
NCGC00016338-10,O=C(NCCN(CC)CC)c1c2c(nc(OCCCC)c1)cccc2,4.9000001,1
NCGC00482810-01,O=C(NCCNCc1c(OC)nc(OCc2c(C)c(-c3ccccc3)ccc2)cc1)C,5.5,1
NCGC00411883-01,O=C(NCCOC)Nc1cc2nc(c(-c3sccc3)nc2cc1)-c1sccc1,5.1500001,1
NCGC00345807-02,O=C(NCc1ccccc1)[C@@H](NC(=O)[C@@H]1[C@@H](C(=O)NCCc2ccc(O)cc2)O1)Cc1ccccc1,6.5,1
NCGC00509905-01,O=C(N[C@@H]([C@H](O)c1cc2OCCOc2cc1)CN1CCCC1)CCCCCCC,4.9000001,1
NCGC00485925-01,O=C(N[C@@H]([C@H](O)c1cc2OCCOc2cc1)CN1CCCC1)CCCCCCCC,4.9000001,1
NCGC00161662-08,O=C(N[C@H](C(=O)N[C@H](C=O)CCCC)CC(C)C)[C@@H](NC(=O)C)CC(C)C,5.9499998,1
NCGC00378760-01,O=C(N[C@H](CCC)c1cc2OCOc2cc1)N1[C@@H](Oc2ccc(C(=O)N3CCN(C)CC3)cc2)C(CC)(CC)C1=O,4.9000001,1
NCGC00164576-04,O=C(N[C@H](C[C@H](O)[C@@H](NC(=O)COc1c(C)cccc1C)Cc1ccccc1)Cc1ccccc1)[C@H](C(C)C)N1C(=O)NCCC1,4.9000001,1
NCGC00476204-01,O=C(Nc1c(N2CCCC2)cc2N(C)C(=O)N(C)c2c1)c1c(OC)cccc1,5,1
NCGC00378704-01,O=C(Nc1c(OC)cc(OC)cc1OC)c1oc(Cc2c(C)cc3C(C)(C)CCC(C)(C)c3c2)cc1,4.9499998,1
NCGC00386479-01,O=C(Nc1cc(N2CCN(C)CC2)c(O)cc1)c1ccc(-c2c(C)cc(-c3oc(C)nn3)cc2)cc1,4.9000001,1
NCGC00386477-01,O=C(Nc1cc(N2CCN(C)CC2)c(OC)cc1)c1ccc(-c2c(C)cc(-c3oc(C)nn3)cc2)cc1,4.9000001,1
NCGC00159456-06&NCGC00159456-11&NCGC00159456-30,O=C(Nc1cc(Nc2nc(-c3cnccc3)ccn2)c(C)cc1)c1ccc(CN2CCN(C)CC2)cc1,5.083333333,1
NCGC00370751-02,O=C(Nc1ccc(C(C)C)cc1)C(N(C(=O)Cc1c2c([nH]c1)cccc2)C)c1ccccc1,4.9000001,1
NCGC00379092-01,O=C(Nc1ccc(C)cc1)N1CCN(c2nc(N)nc3sc(-c4cnccc4)nc23)CC1,4.9499998,1
NCGC00263225-01,O=C(Nc1ccc(C)cc1)N[C@@]1(CC(=O)Nc2ccc(C)cc2)C(=O)N(CC(OCC)OCC)c2c1cccc2,4.9000001,1
NCGC00159574-16,O=C(Nc1ccc(Nc2ncnc3c2cc(OC)c(OCCCN2CCOCC2)c3)cc1)c1ccccc1,4.9499998,1
NCGC00387446-03,O=C(Nc1ccccc1)c1ccc(Nc2nnc(-c3ccc(O)cc3)c3c2cccc3)cc1,5,1
NCGC00346713-05,O=C(Nc1n[nH]c(CCc2cc(OC)cc(OC)c2)c1)c1ccc(N2C[C@@H](C)N[C@@H](C)C2)cc1,4.9000001,1
NCGC00345834-05,O=C(Nc1nccc(-c2c(-c3cc(C)ccc3)nc(CC)s2)c1)c1ccccc1,4.9000001,1
NCGC00242493-09,O=C(Nc1noc(C(C)(C)C)c1)Nc1ccc(-c2nc3Sc4c(-n3c2)ccc(OCCN2CCOCC2)c4)cc1,5.5999999,1
NCGC00282602-03,O=C(Nc1sc(c(C)n1)-c1nc(Nc2c(OC)cccc2)sc1)C,5.0999999,1
NCGC00386776-01,O=C(O)/C=C(/C=C/[C@H]1[C@@](C)(c2cc3C(C)(C)CCC(C)(C)c3cc2)C1)\C,5.0500002,1
NCGC00370868-01,O=C(O)/C=C/c1cc(c(O)cc1)-c1c(OCCCCC)cc2C(C)(C)CCC(C)(C)c2c1,5,1
NCGC00485908-01,O=C(O)/C=C/c1ccc(-c2cc(c(O)cc2)C23CC4CC(C2)CC(C3)C4)cc1,4.9499998,1
NCGC00381256-01,O=C(O)C1=CC2C(O)C(C)(C)CC32C(C)CCC13,5.5,1
NCGC00159481-03,O=C(O)COc1c(C(=O)/C=C/c2ccc(OC/C=C(\C)/C)cc2)ccc(OC/C=C(\C)/C)c1,4.9000001,1
NCGC00015599-10,O=C(O)COc1ccc(OCCCOc2c(CCC)c(O)c(C(=O)C)cc2)cc1,5.0500002,1
NCGC00250410-11,O=C(O)c1c(C2CCCC2)cc(-c2c3c([nH]c2)ncc(-c2ccccc2)c3)cc1,5.0250001,1
NCGC00263625-09,O=C(O)c1c(O)cccc1CCCCCCCCCCCCCCC,5.6500001,1
NCGC00263121-03,O=C(O)c1c(O)cccc1CCc1ccc(CCCCCCC)cc1,4.9000001,1
NCGC00370963-01,O=C(O)c1ccc(-c2[nH]c(-c3nc4c(C(C)C)cccc4c(-c4ccccc4)c3)cc2)cc1,4.9499998,1
NCGC00370788-02,O=C(O)c1ccc(-c2cc(COc3c(C)c(C)c4C(=O)C(C5CCCC5)Cc4c3)ccc2)cc1,4.9000001,1
NCGC00181016-19,O=C(O)c1ccc(C(=C)c2c(C)cc3C(C)(C)CCC(C)(C)c3c2)cc1,4.9000001,1
NCGC00167489-03,O=C(OC(COc1c(CCc2cc(OC)ccc2)cccc1)CN(C)C)CCC(=O)O,4.9000001,1
NCGC00485026-01,O=C(OC)CC[C@@H](C)C1C2(C)[C@@H](O)CC3C4(C)C(C[C@H](OC(=O)C)CC4)CCC3C2CC1,4.9000001,1
NCGC00091250-12,O=C(OC)[C@@H]1[C@@H](OC)[C@H](OC(=O)c2cc(OC)c(OC)c(OC)c2)C[C@H]2[C@@H]1C[C@H]1N(C2)CCc2c3c([nH]c12)cc(OC)cc3,4.9499998,1
NCGC00168786-02,O=C(OC)[C@@H]1[C@@H](OC)[C@H](OC(=O)c2cc(OC)c(OC)c(OC)c2)C[C@H]2[C@@H]1C[C@H]1N(C2)CCc2c3c([nH]c12)cccc3,4.9000001,1
NCGC00380715-01,O=C(OC12C(C)(C)C1C1C(O)(C(C)C2OC(=O)C)C2C(O)(C(=O)C(C)=C2)CC(CO)=C1)C(CC)C,5.4499998,1
NCGC00381331-01,O=C(OC1C(=O)C(CO)=CC(O)C1C(C)C)CC(CC)C,4.9000001,1
NCGC00380759-01,O=C(OC1C(C(CCCOC(=O)C)C)=C(C)CC2OC(=O)C(=C)C12)CC(CC)C,5.4499998,1
NCGC00015888-06,O=C(OC1C(OC)C(C(=O)OC)C2C(C1)CN1C(c3[nH]c4c(c3CC1)ccc(OC)c4)C2)c1cc(OC)c(OC)c(OC)c1,5,1
NCGC00381227-01,O=C(OC1C2(C)C(O)OC3OCC45C(O)CC2C3(C(O)C1)C4C(=O)CC1(C)C(c2cocc2)CC2OC512)C(CC)C,5.4000001,1
NCGC00380718-01,O=C(OC1C2(OC(=O)C(C)C)C(C)(C)C2C2C(O)(C1C)C1C(O)(C(=O)C(C)=C1)CC(CO)=C2)/C(=C/C)/C,5.3499999,1
NCGC00384808-01,O=C(OC1C2(OC(=O)C(C)C)C(C)(C)C2C2C(O)(C1C)C1C(O)(C(=O)C(C)=C1)CC(CO)=C2)C(CC)C,6.5500002,1
NCGC00380717-01,O=C(OC1C2(OC(=O)C)C(C)(C)C2C2C(O)(C1C)C1C=C(C)C(=O)C1CC(CO)=C2)/C(=C/C)/C,5.9000001,1
NCGC00384580-01,O=C(OC1C2C(=C)C(=O)OC2/C=C(\COC(=O)C)/CC/C=C(\C=O)/C1)C(CC)C,5.4499998,1
NCGC00384581-01,O=C(OC1C2C(=C)C(=O)OC2/C=C(\COC(=O)C)/CC/C=C(\C=O)/C1)CC(C)C,5.4499998,1
NCGC00181103-02,O=C(OC1CCN(C)CC1)C(OCCC)(c1ccccc1)c1ccccc1,4.9000001,1
NCGC00015767-10,O=C(OCC#CCN(CC)CC)C(O)(c1ccccc1)C1CCCCC1,5.4499998,1
NCGC00242504-01,O=C(OCC(=O)[C@@]1(O)[C@H](C)C[C@@H]2[C@]1(C)C[C@H](O)[C@@H]1[C@]3(C)C(C(C)=C[C@@H]21)=Cc1n(-c2ccccc2)ncc1C3)C,4.9000001,1
NCGC00385053-01,O=C(OCC1(O)C(=O)OC2C3C(=C)C(O)CC3C(=C)CCC12)C,5,1
NCGC00481621-01,O=C(OCCCC)c1c2sc(C(OCCN3CCCCC3)c3c(C)cccc3)cc2ncc1,4.9000001,1
NCGC00253585-01,O=C(OCCCN1C(C)CCCC1)c1ccc(OC2CCCCC2)cc1,4.9000001,1
NCGC00178213-05,O=C(OCCN(CC)CC)C(Cc1c2c(ccc1)cccc2)CC1OCCC1,4.9000001,1
NCGC00015368-11,O=C(OCCN(CC)CC)C1(C2CCCCC2)CCCCC1,4.9499998,1
NCGC00024595-08,O=C(OCCOCCN(CC)CC)C1(c2ccccc2)CCCC1,4.8499999,1
NCGC00345806-02,O=C(OCc1ccccc1)N[C@H](C(=O)N[C@H](C(=O)C=O)CC(C)C)Cc1ccccc1,5,1
NCGC00163432-03&NCGC00163432-05,O=C(OCc1ccccc1)N[C@H](C(=O)N[C@H](C=O)CCCC)CC(C)C,6.2249999,1
NCGC00169033-03,O=C(O[C@@H]1C(C)=C2[C@@H]3[C@@](O)([C@H](OC(=O)CCC)C[C@](OC(=O)C)(C)C2C1)[C@](O)(C)C(=O)O3)/C(=C/C)/C,5.4499998,1
NCGC00387794-01,O=C(O[C@@H]1C=2[C@]3(C)[C@H](COC)OC(=O)/C(=C\N(CCCN(C)C)C)/C3=C(O)C(=O)C=2[C@@H]2[C@@](C)([C@@H](O)CC2)C1)C,6.5500002,1
NCGC00485229-01,O=C(O[C@@H]1CC=2[C@@](C)([C@@H]3[C@H]([C@H]4[C@@](C)([C@@H]([C@@H](CCCC(C)C)C)CC4)CC3)CC=2)CC1)NCCN(C)C,4.9000001,1
NCGC00378589-01,O=C(O[C@@H]1COCC1)NCc1cc(NC(=O)Nc2cc(OC)c(-c3ocnc3)cc2)ccc1,4.9000001,1
NCGC00385268-01,O=C(O[C@@H]1[C@@]2(C)[C@H](c3cocc3)C[C@H]3O[C@@]23[C@]2(C)[C@H](O)CC3[C@@]4(C)[C@@H](O)OC[C@@]3([C@@H](O)C[C@H]4OC(=O)C)C2C1=O)C,5.5500002,1
NCGC00180769-03,O=C(O[C@@H]1[C@H](C(C)C)[C@@H](OC(=O)C)C(=O)C(CO)=C1)/C(=C/C)/C,5.1500001,1
NCGC00385048-01,O=C(O[C@@H]1[C@]2(C)C(=O)C=C[C@H]2[C@H](C)C[C@H]2OC(=O)[C@@H](C)[C@@H]12)/C(=C\C)/C,5.1999998,1
NCGC00347562-02,O=C(O[C@@H]1[C@]2(C)C(=O)C=C[C@H]2[C@H](C)C[C@H]2OC(=O)[C@@H](C)[C@@H]12)C(C)C,5.1500001,1
NCGC00021268-04,O=C(O[C@@]1(C(=O)C)[C@]2(C)[C@H]([C@H]3[C@@H]([C@]4(C)C(=CC(=O)CC4)CC3)CC2)CC1)CCCCC,5.0999999,1
NCGC00179162-03,O=C(O[C@H]1[C@@]2(C)C=3[C@](C)([C@H](c4cocc4)OC(=O)C=3)CCC2[C@@]2(C)C=CC(=O)C(C)(C)C2C1)C,4.9000001,1
NCGC00253604-01,O=C(O[C@H]1[C@H](OC)[C@@H](C(=O)OC)[C@@H]2[C@H](C1)CN1[C@@H](c3[nH]c4c(c3CC1)ccc(OC)c4)C2)/C=C/c1cc(OC)c(O)cc1,4.9000001,1
NCGC00185767-01,O=C(O[C@H]1[C@H](OC)[C@@H](O[C@H]2[C@H](O)[C@@H](N(C)C)[C@H](O[C@@H]3O[C@@H](C)[C@H](O)[C@@](O)(C)C3)[C@@H](C)O2)[C@@H](CC=O)C[C@@H](C)[C@@H](O[C@H]2O[C@H](C)[C@@H](N(C)C)CC2)C=CC=CC[C@@H](C)OC(=O)C1)C,4.9000001,1
NCGC00385252-01,O=C(O[C@H]1[C@H](O[C@H]2[C@H](O)[C@H](O)[C@@H](O[C@H]3[C@H](O)[C@@H](O[C@@H]4[C@H](O)[C@@](O)(CO)CO4)[C@H](O)CO3)[C@H](C)O2)[C@@H](O)[C@@H](O)CO1)[C@@]12[C@H](O)C[C@@]3(C)[C@@]4(C)C([C@]5(C)C([C@H](O)C4)[C@@](CO)(C)[C@@H](O[C@H]4[C@H](O)[C@@H](O)[C@H](O)[C@@H](CO)O4)[C@@H](O)C5)CC=C3[C@@H]1CC(C)(C)CC2,5.6999998,1
NCGC00384864-01,O=C(O[C@H]1[C@H](O[C@H]2[C@H](O)[C@H](O)[C@@H](O[C@H]3[C@H](O)[C@@H](O[C@H]4[C@H](O)[C@@H](O)[C@H](O)CO4)[C@@H](O)CO3)[C@H](C)O2)[C@@H](O)[C@H](O)CO1)[C@@]12[C@H](O)C[C@@]3(C)[C@@]4(C)C([C@]5(C)C(C(C)(C)[C@@H](O[C@H]6[C@H](O)[C@@H](O)[C@H](O)[C@@H](CO[C@H]7[C@H](O)[C@@H](O)[C@@H](O)CO7)O6)CC5)CC4)CC=C3[C@@H]1CC(C)(C)CC2,5.6999998,1
NCGC00385241-01,O=C(O[C@H]1[C@H](O[C@H]2[C@H](O)[C@H](O)[C@@H](O[C@H]3[C@H](O)[C@@H](O[C@H]4[C@H](O)[C@H](O)[C@@H](O)[C@H](C)O4)[C@H](O)CO3)[C@H](C)O2)[C@@H](O)[C@@H](O)[C@@H](C)O1)[C@@]12[C@H](O)C[C@@]3(C)[C@@]4(C)C([C@]5(C)C([C@@](CO)(C)[C@@H](O[C@H]6[C@H](O)[C@H](O)[C@@H](O)[C@H](C)O6)[C@@H](O)C5)CC4)CC=C3[C@@H]1CC(C)(C)CC2,5.6999998,1
NCGC00385743-01,O=C(O[C@H]1[C@H](O[C@H]2[C@H](O)[C@H](O[C@H]3[C@H](O)[C@@](O)(CO)CO3)[C@@H](O[C@H]3[C@H](O)[C@@H](O[C@H]4[C@H](O)[C@@H](O)[C@H](O)CO4)[C@@H](O)CO3)[C@H](C)O2)[C@@H](O)[C@H](O)CO1)[C@@]12[C@H](O)C[C@@]3(C)[C@@]4(C)C([C@]5(C)C(C(C)(C)[C@@H](O[C@H]6[C@H](O)[C@@H](O)[C@H](O)[C@@H](CO[C@H]7[C@H](O)[C@@H](O)[C@@H](O)CO7)O6)CC5)CC4)CC=C3[C@@H]1CC(C)(C)CC2,5.6999998,1
NCGC00385321-01,O=C(O[C@H]1[C@H](O[C@H]2[C@H](O)[C@H](O[C@H]3[C@H](O)[C@@](O)(CO)CO3)[C@@H](O[C@H]3[C@H](O)[C@@H](O[C@H]4[C@H](O)[C@@H](O)[C@H](O)CO4)[C@@H](O)CO3)[C@H](C)O2)[C@@H](O)[C@H](O)CO1)[C@@]12[C@H](O)C[C@@]3(C)[C@@]4(C)C([C@]5(C)C(C(C)(C)[C@@H](O[C@H]6[C@H](O)[C@@H](O)[C@H](O)[C@@H](CO[C@H]7[C@H](O)[C@@H](O)[C@@H](O)CO7)O6)[C@@H](O)C5)CC4)CC=C3[C@@H]1CC(C)(C)CC2,5.6999998,1
NCGC00386928-01,O=C(Oc1ncc(-c2ccccc2)cc1)N1CCN(c2c3c(nc(C)c2)cccc3)CC1,5,1
NCGC00386484-01,O=C([C@@](CCN1CCN(c2c(OC)cccc2)CC1)(C)c1ccccc1)C1CCCCC1,5,1
NCGC00162463-03,O=C([O-])CC[C@H](C[C@@H](C[C@@H](C(=O)CC(=O)[C@@H](C[C@@H](C/C=C/[C@H]([C@@H](O)[C@H]([C@@H](O)C[C@H]1O[C@](C)([C@@H]2O[C@@]([C@H](O)C)(C)CC2)CC1)C)C)C)C)C)C)C,5.4000001,1
NCGC00263233-01,O=C(c1[nH]c2c(c3c(cc2)cccc3)c1)c1ccc(N)cc1,4.5,1
NCGC00386433-04,O=C(c1c(N)n(-c2cc3[nH]c(C)nc3cc2)nc1)c1[nH]c2c(c1)cccc2,4.9499998,1
NCGC00370714-02,O=C(n1nc(C(O)(c2ccccc2)c2ccccc2)cn1)N1CCC(C(C)(C)C)CC1,5,1
NCGC00095597-05,O=C1/C(=C/CC2C(=C)CCC3[C@@](CO)(C)C(O)CC[C@]23C)/C(O)CO1,4.9499998,1
NCGC00179817-06,O=C1/C(=C/C[C@@H]2C(=C)CC[C@@H]3[C@@](CO)(C)[C@H](O)CC[C@@]23C)/[C@H](O)CO1,4.8499999,1
NCGC00169080-02,O=C1C(=C)[C@@H]2[C@H](O1)C[C@H](C)[C@H]1C(=C(C)C(=O)C1)C2,4.9499998,1
NCGC00346595-02,O=C1C(=C)[C@H]2[C@@H](O)[C@]31[C@@]1(O)[C@@H](O)[C@@H]4C(C)(C)CC[C@H](O)[C@]4(C3CC2)CO1,4.9000001,1
NCGC00168931-02,O=C1C(=C)[C@H]2[C@@H](O1)C=1[C@@](C)(C(=O)C2)CCCC=1C,5,1
NCGC00408892-01,O=C1C(c2ccc(O)cc2)(c2ccc(O)cc2)c2c(c(C)ccc2)N1,6,1
NCGC00263190-11,O=C1C=C(N2CCOCC2)OC(c2c3Sc4c(Sc3ccc2)cccc4)=C1,5,1
NCGC00370979-01,O=C1N(C)C(NC[C@@H](N)Cc2ccccc2)=NC(c2ccncc2)=C1c1cc2c(cc1)cccc2,4.9000001,1
NCGC00507682-01,O=C1N(C)[C@@H](CC(C)C)C(=O)O[C@H](C)C(=O)N(C)[C@@H](CC(C)C)C(=O)O[C@H](Cc2ccc(N3CCOCC3)cc2)C(=O)N(C)[C@@H](CC(C)C)C(=O)O[C@H](C)C(=O)N(C)[C@@H](CC(C)C)C(=O)O[C@@H]1Cc1ccc(N2CCOCC2)cc1,5.1500001,1
NCGC00389591-02,O=C1N(C)c2c(C)nc(Nc3cn(C4CCNCC4)nc3)nc2N(C)c2c1cc1c(c2)cccc1,4.9000001,1
NCGC00159544-04,O=C1N(C2CCN(CC3(C)OCc4c(-n5c3ccc5)cccc4)CC2)c2c(N1)cccc2,4.9000001,1
NCGC00015774-06,O=C1N(CCCN2CCN(C(c3ccccc3)c3ccccc3)CC2)c2c(N1)cccc2,4.9000001,1
NCGC00015412-21,O=C1N(c2ccccc2)[Se]c2c1cccc2,4.9000001,1
NCGC00093700-05,O=C1NC(=O)c2c1cc(Nc1ccccc1)c(Nc1ccccc1)c2,5,1
NCGC00169804-02,O=C1OC2C(C)(C)/C=C\C(=O)/C(/C)=C\CCC1=C2,4.9000001,1
NCGC00485987-01,O=C1OC2OCC(O)C(O)C2OC2C(O)C(OC3C(O)C(O)C(O)CO3)C(C(C)O2)OC(=O)CC(O)(C)CC(=O)OC2C(O)C(O)C(OC3C(O)C(O)C(CO)OC3OC3C(CO)(C)C4C(C)(C5C(C)(C6(C)C(C7C1(C(O)C6)CCC(C)(C)C7)=CC5)CC4)CC3O)OC2,5.3000002,1
NCGC00345085-02,O=C1[C@H](C(C)C)N(C)c2c3c([nH]cc3C[C@@H](CO)N1)ccc2,5.6500001,1
NCGC00384766-01,O=C1[C@H](O)[C@@H]2[C@](C)([C@H](O)C(=O)C=C2C)C2[C@@H](O)[C@H]3[C@H](C)[C@H](C(=O)O3)[C@]12C,5,1
NCGC00169882-02,O=C1[C@H]2[C@H]([C@@H](O)C=C1)CC(=O)OC(C)CCCC2,4.9499998,1
NCGC00485432-01,O=C1[C@]2(C(C)C)[C@H](C(C)=C1)C2,4.9000001,1
NCGC00380396-01,O=C1[C@]2(C(CO)=C)O[C@@H]2[C@]2(C)[C@@H](C)[C@H](O)CCC2=C1,5.1999998,1
NCGC00016622-11,O=C1c2c(NCCN(CC)CC)ccc(CO)c2Sc2c1cccc2,5.125,1
NCGC00380665-01,O=C\1c2c(O)cc(O)cc2CC(=O)OC(C)CCC/C=C/1,5.5500002,1
NCGC00167751-05,O=S1(=O)N(COC=2N=C3C(OCCN4CCCCC4)=CC=CN3C(=O)C=2)C(=O)c2c(C(C)C)cc(OC)cc12,5.0500002,1
NCGC00160664-04,O=[N+]([O-])c1c2c(c(O)cc1)nccc2,4.9000001,1
NCGC00347904-03,O=[N+]([O-])c1cc(-c2ccc(OCC(CCc3ccncc3)N3C(=O)SCC3=O)cc2)ccc1,4.9000001,1
NCGC00162150-04,O=[N+]([O-])c1cc(C2C(C(=O)OC/C=C/c3ccccc3)=C(C)NC(C)=C2C(=O)OCCOC)ccc1,4.9499998,1
NCGC00015747-09,O=[N+]([O-])c1cc(C2C(C(=O)OCCN(Cc3ccccc3)C)=C(C)NC(C)=C2C(=O)OC)ccc1,5,1
NCGC00167493-04,O=[N+]([O-])c1cc(C2C(C(=O)OCCN3CCN(C(c4ccccc4)c4ccccc4)CC3)=C(C)NC(C)=C2C(=O)OC)ccc1,5.0250001,1
NCGC00167492-03,O=[N+]([O-])c1cc(C2C(C(OC(CN(CCC(c3ccccc3)c3ccccc3)C)(C)C)=O)=C(C)NC(C)=C2C(=O)OC)ccc1,4.9499998,1
NCGC00185768-03,O=[N+]([O-])c1cc([C@@H]2C(C(=O)OC)=C(C)NC(C)=C2C(=O)O[C@H]2CN(Cc3ccccc3)CCC2)ccc1,4.9000001,1
NCGC00370729-08,O=[N+]([O-])c1ccc(Nc2nc(N3CCOCC3)nc(N3CCOCC3)n2)cc1,5.0500002,1
NCGC00371125-09,O=[N+]([O-])c1sc(NC(=O)NCc2ccc(OC)cc2)nc1,4.9000001,1
NCGC00388427-02,O=[N+]([O-])c1sc(NC(=O)c2c(O)cccc2)nc1,5.5,1
NCGC00090774-05&NCGC00090774-12,O=[N+]([O-])c1sc(NC(=O)c2c(OC(=O)C)cccc2)nc1,5.17499995,1
NCGC00016003-10,OC(CCN1CCCCC1)(c1ccccc1)C1CCCCC1,4.9499998,1
NCGC00507892-01,OC(CNc1nc(CC2CC2)c(-c2nc(Nc3ccncc3)ncc2)cn1)(C)C,5.9499998,1
NCGC00385948-01,OC1C(O)CC2N3Cc4c(cc5OCOc5c4)C(C2=C1)C3,5.5,1
NCGC00247785-11,OC1CCC(N2C(=N)c3c(c(n(Cc4ccccc4)c3N=C2)-c2ccccc2)-c2ccccc2)CC1,4.9000001,1
NCGC00095086-04,OC1CCN(CCCN2c3c(Sc4c2cccc4)ccc(C#N)c3)CC1,5,1
NCGC00476094-01,OCC1=CCC2C(C)(C)Oc3c(c(O)cc(C(CCCCCC)(C)C)c3)[C@H]2C1,5,1
NCGC00379057-02,OCCCc1c(NCc2cc3n(Cc4c(O)ccc(C)n4)c(NCCCN4CCOCC4)nc3cc2)cc(C)cc1,4.9000001,1
NCGC00686670-01,OC[C@@H]1[C@@H](O)[C@@H](O)[C@](C#N)(c2n3N=CN=C(N)c3cc2)O1,5.7249999,1
NCGC00179676-03,O[C@@]1(C#C)[C@]2(C)[C@H]([C@H]3[C@@H]([C@@H]4C(=CCCC4)CC3)CC2)CC1,4.9000001,1
NCGC00387119-01,O[C@H]([C@H](NC)CO)/C=C/c1ccc(CCCCC)cc1,5.6999998,1
NCGC00346606-02,O[C@H]1[C@H]([C@@H](NC)C)[C@]2(C)[C@](C)([C@H]3[C@]4([C@@]5([C@H](C(C)(C)[C@@H](NC)CC5)CC3)C4)CC2)C1,5.5,1
NCGC00179665-04,O[C@]1(C#C)[C@]2(C)[C@H]([C@H]3[C@@H]([C@]4(C)C(=Cc5oncc5C4)CC3)CC2)CC1,4.9000001,1
NCGC00485262-01,O[C@]1(C#C)[C@]2(C)[C@H]([C@H]3[C@@H]([C@]4(C)[C@H](CC5=Nc6n(c7c(n6)cccc7)C=C5C4)CC3)CC2)CC1,5.0999999,1
NCGC00167449-02,O[C@]1(C#C)[C@]2(CC)[C@H]([C@H]3[C@H](C(=C)C2)[C@@H]2C(=CCCC2)CC3)CC1,4.9499998,1
NCGC00387166-03,Oc1c(CN(CC)CC)cc(/C(=C(\CC)/c2cc(CN(CC)CC)c(O)cc2)/CC)cc1,5,1
NCGC00181099-01,Oc1c2[C@@H]3OCC45[C@@H]3[C@@](C)(Oc2cc(C)c1)CC[C@H]4C(C)(C)CCC5,4.9000001,1
NCGC00485881-01,Oc1c2c(c(C(CCNC)c3sccc3)cc1)cccc2,4.9000001,1
NCGC00532496-01,Oc1cc(C)c(C(C)(C)C)cc1,5.5999999,1
NCGC00090749-19,Oc1ccc(/C(=C(\CC)/c2ccc(O)cc2)/CC)cc1,4.9000001,1
NCGC00090749-12,Oc1ccc(C(=C(CC)c2ccc(O)cc2)CC)cc1,5.3499999,1
NCGC00164127-07,Oc1ccc(C(CC(C)(C)C)(C)C)cc1,4.9499998,1
NCGC00379165-02,S(/C(=N/C1CCCCC1)/NC1CCCCC1)CC=1N2C(SC=1)=NC(C)(C)C2,5.4000001,1
NCGC00386313-08,S(=O)(=O)(C(C)C)c1ccc(-c2nc(c(N)nc2)-c2onc(-c3ccc(CNC)cc3)c2)cc1,5.6500001,1
NCGC00182390-05,S(=O)(=O)(C)c1cc(-c2c3c(Sc4n(C)nnn4)ncnc3sc2)ccc1,4.9499998,1
NCGC00485951-02,S(=O)(=O)(C[C@H](N[C@H](C(F)(F)F)c1ccc(F)cc1)C(=O)N[C@H](C(=O)C(=O)NC1CC1)CC)CC1CC1,7,1
NCGC00351072-01,S(=O)(=O)(N(C)C)c1cc(C(=O)Nc2sc(C)cn2)c(N2CCCC2)cc1,5.9000001,1
NCGC00015998-06,S(=O)(=O)(N(C)C)c1cc2/C(=C/CCN3CCN(C)CC3)/c3c(Sc2cc1)cccc3,4.9000001,1
NCGC00249414-01,S(=O)(=O)(N(C)C)c1cc2N(CC(N(C)C)C)c3c(Sc2cc1)cccc3,4.5500002,1
NCGC00179625-03,S(=O)(=O)(N(C)C)c1cc2N(CCCN3CCN(C)CC3)c3c(Sc2cc1)cccc3,4.9499998,1
NCGC00379167-01,S(=O)(=O)(N(C)C)c1ccc(NC(=S)N2CCC(C(O)(c3ccccc3)c3ccccc3)CC2)cc1,4.9499998,1
NCGC00508861-01,S(=O)(=O)(N(CC(C)C)c1ccc(CC)cc1)c1cc(CO)c(OCC2CCOCC2)cc1,4.9000001,1
NCGC00485044-01,S(=O)(=O)(N)c1ccc(-n2c(-c3c(C)ccc(C)c3)cc(C(F)(F)F)n2)cc1,4.9000001,1
NCGC00091455-09&NCGC00091455-13,S(=O)(=O)(N)c1ccc(-n2c(-c3ccc(C)cc3)cc(C(F)(F)F)n2)cc1,4.95000005,1
NCGC00263209-09,S(=O)(=O)(N)c1ccc(N2C(c3ccc(OC)cc3)CC(c3ccccc3)=N2)cc1,4.9499998,1
NCGC00263151-07,S(=O)(=O)(N)c1ccc(Nc2nn(C(=O)c3c(F)cccc3F)c(N)n2)cc1,4.9000001,1
NCGC00485940-01,S(=O)(=O)(N1CCC2(OCC(=O)N(C3CC3)C2)CC1)c1ccc(-c2cc3ncccc3cc2)cc1,5,1
NCGC00379200-06,S(=O)(=O)(N1[C@@H](C(=O)Nc2scc(-c3ccc(OC)cc3)n2)CCCC1)c1ccc(C)cc1,4.9499998,1
NCGC00370759-04,S(=O)(=O)(NCC1CC1)c1ccc(Nc2nc(N3c4c(cc(O)cc4)CCC3)ccn2)cc1,5.5,1
NCGC00370875-01,S(=O)(=O)(NCC1CCC(Nc2sc3c(n2)-c2c(SCC3)cccc2)CC1)C,4.9000001,1
NCGC00510476-01,S(=O)(=O)(NCCN(C)C)Cc1cc(Nc2nc(Oc3cc4c([nH]c(C)c4)cc3)ccn2)ccc1,4.9000001,1
NCGC00475734-01,S(=O)(=O)(N[C@H]1C[C@@H]2[C@@](C)([C@@H]3[C@H]([C@H]4C(=C(C)C[C@]5([C@H](C)[C@@H]6NC[C@@H](C)C[C@H]6O5)CC4)C3)CC2)CC1)C,5.5,1
NCGC00346541-04,S(=O)(=O)(Nc1c(Nc2cc(OC)cc(OC)c2)nc2c(n1)cccc2)c1ccc(NC(=O)c2cc(OC)c(C)cc2)cc1,4.9499998,1
NCGC00475733-01,S(=O)(=O)(Nc1c2[nH]cc(C#N)c2c(C)cc1)c1cc(C#N)ccc1,4.8499999,1
NCGC00371053-01,S(=O)(=O)(Nc1cc(C(F)(F)F)c(-c2cc3c(n(-c4ccc(F)cc4)nc3)cc2)cc1)Cc1ccccc1,4.9000001,1
NCGC00378604-04,S(=O)(=O)(Nc1cc2c(cc(-c3c(OC)c(C(C)(C)C)cc(N4C(=O)NC(=O)C=C4)c3)cc2)cc1)C,5,1
NCGC00346547-03,S(=O)(=O)(Nc1scnn1)c1ccc(CCCCCCCCCCCC)cc1,4.9000001,1
NCGC00370905-02,S(=O)(=O)(Oc1cc2c(C3CCN(C)CC3)cn(C)c2cc1)c1c(F)cccc1F,5.0500002,1
NCGC00371046-02,S(=O)(=O)(n1c2c(c(CCN(C)C)c1)cc(OC)cc2)c1ccccc1,4.9000001,1
NCGC00370815-01,S(=O)(=O)(n1c2c(cc1)ccc(N1CC3N(CC1)CCC3)c2)c1c2c(ccc1)cccc2,4.9000001,1
NCGC00510491-01,S(C)c1ccc(C(=O)/C=C/c2cc(C)c(OC(C(=O)O)(C)C)c(C)c2)cc1,4.5,1
NCGC00386903-01,S(CC(=O)Nc1cc2c(cc1)CCC2)C=1N(c2ccccc2)C(=O)c2c(N=1)cccc2,4.9000001,1
NCGC00408920-01,S(CC(=O)OCC)C=1N(CCCN2CCCC2)C(=O)c2sc3c(c2N=1)cccc3,4.9000001,1
NCGC00379007-02,S(CC(=O)O[C@H]1C2(C)[C@H](C)CCC3([C@@H](C)[C@H](O)[C@@](C=C)(C)C1)[C@H]2C(=O)CC3)C1C[C@@H]2N(C)[C@H](C1)CC2,4.9000001,1
NCGC00402289-04,S(CCCN)c1c2c(nc3c1cc(OC)cc3)ccc(OC)c2,4.9000001,1
NCGC00485648-01,S(CCCN1CCN(Cc2c(OC)c(OC)c(OC)cc2)CC1)c1cc(C(C)(C)C)c(O)c(C(C)(C)C)c1,5.4499998,1
NCGC00090782-06&NCGC00090782-17,S(C[C@H](NC(=O)c1c(C)c(O)ccc1)[C@H](O)CN1[C@H](C(=O)NC(C)(C)C)C[C@H]2[C@@H](C1)CCCC2)c1ccccc1,5.7166667,1
NCGC00386337-05,S(Cc1ccc(F)cc1)C=1N(CC(=O)N(CCN(CC)CC)Cc2ccc(-c3ccc(C(F)(F)F)cc3)cc2)C2=C(C(=O)N=1)CCC2,5.5999999,1
NCGC00164493-02,S(Sc1[n+]([O-])cccc1)c1[n+]([O-])cccc1,5.3499999,1
NCGC00229512-05,S(c1c(C)cc(OC)c(C(=O)N2CCN(C(=O)C)CC2)c1)c1sc(NC(=O)c2ccc(CNC(C(C)(C)C)C)cc2)nc1,4.9000001,1
NCGC00378568-07,S(c1sc(C)nn1)c1ncnc2c1cc(OC)c(OC)c2,4.9000001,1
NCGC00483925-02,S=C(NC(=O)Cc1ccc(F)cc1)Nc1cc(F)c(Oc2c3sc(-c4ncc(CNCCOC)cc4)cc3ncc2)cc1,5.8499999,1
NCGC00346510-06,S=C(NC(=O)Cc1ccccc1)Nc1cc(F)c(Oc2c3sc(-c4ncn(C)c4)cc3ncc2)cc1,5.4499998,1
NCGC00263158-07,S=C(NCc1cc2OCOc2cc1)N1CCN(c2ncnc3c2oc2c3cccc2)CC1,4.9499998,1
NCGC00387301-01,S=C1N(C2CCN(CCCC(=O)c3ccc(F)cc3)CC2)c2c(N1)cccc2,5,1
NCGC00508823-01,S=C1N(Cc2ccc(-c3nn[nH]c3)cc2)C(C)(C)C(=O)N1c1cc(C(F)(F)F)c(C#N)cc1,5.0500002,1
NCGC00185994-09,S=C1S/C(=C/c2ccc(CC)cc2)/C(=O)N1,4.9000001,1
NCGC00485321-01,S=C=Nc1c2[nH]c3[C@@H]4Oc5c(O)ccc6c5[C@@]54[C@](O)([C@H](N(CC4CC4)CC5)C6)Cc3c2ccc1,4.9000001,1
NCGC00686694-01,[P@@](=O)(OC[C@@H]1[C@@H](O)[C@@H](O)[C@](C#N)(c2n3N=CN=C(N)c3cc2)O1)(Oc1ccccc1)N[C@H](C(=O)OCC(CC)CC)C,5.0749998,1
NCGC00685392-02,[S@H0](=O)(Cc1n(CCC)cnc1)c1ccc(NC(=O)C2=Cc3c(N(CC(C)C)CCC2)ccc(-c2ccc(OCCOCCCC)cc2)c3)cc1,5.0500002,1
NCGC00163157-05,[SH0](=O)(C)c1cc2N(CCC3N(C)CCCC3)c3c(Sc2cc1)cccc3,4.9000001,1
NCGC00013822-04,c1(c(c(-c2ccncc2)sc1-c1ccncc1)-c1ccncc1)-c1ccncc1,5.0500002,1
NCGC00093656-03,Br/C=C/C=1C(=O)NC(=O)N([C@@H]2O[C@H](CO)[C@@H](O)C2)C=1,,0
NCGC00262958-01,Br/C=C\C=1C(=O)NC(=O)N([C@@H]2[C@@H](O)[C@H](O)[C@@H](CO)O2)C=1,,0
NCGC00160445-02,BrC(C(=O)NC(=O)N)C(C)C,,0
NCGC00090868-06,BrC(Cl)C(F)(F)F,,0
NCGC00166217-02,BrC(F)(F)C(F)(F)C(F)(F)C(F)(F)C(F)(F)C(F)(F)C(F)(F)C(F)(F)F,,0
NCGC00164057-03,BrC([N+](=O)[O-])(CO)CO,,0
NCGC00387868-06&NCGC00387868-07,BrC1=C(N)n2ncc(-c3cn(C)nc3)c2N=C1[C@@H]1CNCCC1,,0
NCGC00346449-02,BrC1=C(NCc2cnccc2)C(OCCCc2ccc(Cl)cc2)=NNC1=O,,0
NCGC00346500-08,BrC1=Cn2c(/C=N/N(S(=O)(=O)c3c(C)ccc([N+](=O)[O-])c3)C)cnc2C=C1,,0
NCGC00092358-02,BrC1C(Br)C(Br)C(Br)C(Br)C1Br,,0
NCGC00378753-01,BrC=1C(=O)C2(C=1N[C@H](C(=O)O)Cc1ccc(Nc3nccc4c3cncc4)cc1)CCCCC2,,0
NCGC00263165-02,BrC=1C(=O)N(c2c(C)ccc(C(=O)NC)c2)C(C)=CC=1OCc1c(F)cc(F)cc1,,0
NCGC00273564-01,BrC=1C(=O)N=C(N)NC=1c1ccccc1,,0
NCGC00090770-09,BrC=1C(=O)NC(=O)N([C@@H]2O[C@H](CO)[C@@H](O)C2)C=1,,0
NCGC00386412-04,BrC=1c2nc(NC3CCN(C)CC3)nc(Nc3ccc(Oc4ccccc4)cc3)c2C(=O)NC=1,,0
NCGC00346824-01,BrCC(=O)C(=O)OCC,,0
NCGC00510494-01,BrCC(=O)N1CC([N+](=O)[O-])([N+](=O)[O-])C1,,0
NCGC00095048-06,BrCCC(=O)N1CCN(C(=O)CCBr)CC1,,0
NCGC00390633-02,BrCCNP(=O)(OCc1n(C)c([N+](=O)[O-])nc1)NCCBr,,0
NCGC00091099-01,BrC[C@@H](O)[C@@H](O)[C@H](O)[C@H](O)CBr,,0
NCGC00485518-01,Br[C@@H]1C(=O)[C@]2(C)[C@H]([C@H]3[C@@H]([C@]4(C)[C@H](C[C@H](O)CC4)CC3)CC2)C1,,0
NCGC00167564-03,Brc1[nH]c2N(C)C(=O)N(C)C(=O)c2n1,,0
NCGC00024584-17,Brc1[nH]c2c3c(ccc2)C=2[C@H](N(C)C[C@H](C(=O)N[C@@]4(C(C)C)C(=O)N5[C@@H](CC(C)C)C(=O)N6[C@H]([C@]5(O)O4)CCC6)C=2)Cc13,,0
NCGC00159391-03,Brc1c(Br)c(Br)c2C(c3cc(S(=O)(=O)[O-])c(O)cc3)(c3cc(S(=O)(=O)[O-])c(O)cc3)OC(=O)c2c1Br,,0
NCGC00093787-06,Brc1c(Br)c(Br)c2nc(N(C)C)[nH]c2c1Br,,0
NCGC00387111-01,Brc1c(Br)c(Br)c2nc(N(C)C)n(CC(=O)O)c2c1Br,,0
NCGC00092352-04,Brc1c(Br)c(Br)c2nn[nH]c2c1Br,,0
NCGC00371123-06,Brc1c(C(=O)Nc2cc(NC(=O)CCC)ccc2)cccc1,,0
NCGC00386616-01,Brc1c(C)c(CNCCCNC=2Nc3c(C(=O)C=2)cccc3)sc1C(F)=C,,0
NCGC00181297-01,Brc1c(C)c(NC(=O)CN(CC(=O)O)CC(=O)O)c(C)cc1C,,0
NCGC00522629-01,Brc1c(C)ccc(Nc2nnc(Cc3ccncc3)c3c2cccc3)c1,,0
NCGC00181118-01,Brc1c(C)nc(NS(=O)(=O)c2ccc(N)cc2)nc1C,,0
NCGC00402272-02,Brc1c(C2=NCc3c(C(=O)N)ncn3-c3c2cc(F)cc3)cccc1,,0
NCGC00189071-01,Brc1c(C2N=C(Nc3oc4c(n3)cccc4)NC3=C2C(=O)CCC3)cccc1,,0
NCGC00229722-01,Brc1c(C2N=C(Nc3oc4c(n3)cccc4)NC3=C2C(=O)CCC3)ccnc1,,0
NCGC00189284-01,Brc1c(C2N=C(Nc3oc4c(n3)cccc4)NC3=C2C(=O)CCC3)nccc1,,0
NCGC00378890-01,Brc1c(CN(CC#C)c2ccc(C(=O)NCc3cnccc3)cc2)cc2C(=O)NC(C)=Nc2c1,,0
NCGC00168463-06,Brc1c(C[N+](CC)(C)C)cccc1,,0
NCGC00388506-02,Brc1c(C[N+]2(CCOCCC3[C@H]4C(C)(C)[C@H](C4)CC3)CCOCC2)cc(OC)c(OC)c1,,0
NCGC00181132-01,Brc1c(Cl)cc2C(=O)N(CC(=O)C[C@H]3[C@H](O)CCCN3)C=Nc2c1,,0
NCGC00387194-02,Brc1c(F)c(Br)cc2N(C=O)C(C)CCc12,,0
NCGC00402358-02,Brc1c(F)ccc(N/C(=N\O)/c2c(NCCNS(=O)(=O)N)non2)c1,,0
NCGC00016781-08,Brc1c(N)c(CNC2CCC(O)CC2)cc(Br)c1,,0
NCGC00346676-04,Brc1c(N2CCN(Cc3noc(C)c3)CC2)c2nc(-c3ccc(N4CCN(C)CC4)cc3)[nH]c2nc1,,0
NCGC00025100-17,Brc1c(NC(=O)/C(/C#N)=C(\O)/C)cc(Br)cc1,,0
NCGC00387088-01,Brc1c(NC(=O)NCCN(CC)c2cc(C)ccc2)cccc1,,0
NCGC00379105-01,Brc1c(NC(=O)N[C@@H]2[C@H](c3ccccc3)OC(C)(C)OC2)ccc(Br)c1,,0
NCGC00346690-04,Brc1c(NC(=O)N[C@H]2CN(c3ncc(C(F)(F)F)cc3)CC2)cccc1,,0
NCGC00242491-03,Brc1c(NC(=O)Nc2c3nn[nH]c3c(C#N)cc2)cccc1,,0
NCGC00532499-01,Brc1c(NC2=NCCN2)c(F)ccc1,,0
NCGC00016069-13,Brc1c(NC2=NCCN2)ccc2nccnc12,,0
NCGC00346687-10,Brc1c(NCCc2[nH]cnc2)nc(Nc2cc(NC(=O)N3CCCC3)ccc2)nc1,,0
NCGC00378862-01,Brc1c(Nc2c(S(=O)(=O)NC)cccc2)nc(Nc2c(OC)cc(N3CCN(C)CC3)cc2)nc1,,0
NCGC00350943-01,Brc1c(Nc2ncnc3c2c2sc(C(OC)=N)nc2cc3)ccc(F)c1,,0
NCGC00371138-10,Brc1c(Nc2scc(-c3c(C)nc4n3C=CC=N4)n2)c(Br)cc(OC)c1,,0
NCGC00386303-01,Brc1c(O)c(Br)cc(-c2nc(C(=O)NCc3ccc(Oc4ccccc4)cc3)on2)c1,,0
NCGC00013895-08,Brc1c(O)c(Br)cc(C(=O)c2c(CC)oc3c2cccc3)c1,,0
NCGC00346942-01,Brc1c(O)c(Br)cc(Nc2ncnc3c2cc(OC)c(OC)c3)c1,,0
NCGC00538143-01,Brc1c(O)c(CNC2CCC(O)CC2)cc(Br)c1,,0
NCGC00386728-01,Brc1c(O)c(O)cc(/C=C/C(=S)NCc2cc(O)c(O)c(O)c2)c1,,0
NCGC00351598-04,Brc1c(O)ccc(Nc2ncnc3c2cc(OC)c(OC)c3)c1,,0
NCGC00346680-05,Brc1c(OC2CCN(c3noc(-c4nn(CC(=O)O)nn4)c3)CC2)cc(F)cc1,,0
NCGC00370710-02,Brc1c(OCC(=O)Nc2cnccc2)ccc2c1cccc2,,0
NCGC00189076-01,Brc1c(OCCCOc2c(Br)cc(C(=N)N)cc2)ccc(C(=N)N)c1,,0
NCGC00387262-03,Brc1c(OCCSc2ncccn2)ccc(C)c1,,0
NCGC00481542-04,Brc1c(Oc2c(C(=O)NC)cccc2)nc(Nc2cc(OC)c(OC)c(OC)c2)nc1,,0
NCGC00345885-02&NCGC00345885-04,Brc1c(Oc2c(C)cc(C#N)cc2C)nc(Nc2ccc(C#N)cc2)nc1N,,0
NCGC00378683-01,Brc1c(Oc2ccc(NC(=O)C[C@H](N)C(=O)O)cc2)cc(F)c(F)c1,,0
NCGC00379177-01,Brc1c(S(=O)(=O)Nc2cc(O[C@H]3CN(C)CC3)c(C(F)(F)F)cc2)cc(OC)c(OC)c1,,0
NCGC00370845-01,Brc1c(S(=O)(=O)Nc2cc(O[C@H]3CN(C)CC3)c(Cl)cc2)cc(OC)c(OC)c1,,0
NCGC00386617-01,Brc1c2OCC[C@@H](NCCCNC=3Nc4c(C(=O)C=3)scc4)c2cc(Br)c1,,0
NCGC00346707-05,Brc1c2[C@@H](C3CCN(C(=O)CC4CCN(C(=O)N)CC4)CC3)c3ncc(Br)cc3CCc2cc(Cl)c1,,0
NCGC00344622-15,Brc1c2c(N)ncnc2n([C@H]2[C@H](O)[C@H](O)[C@@H](CN(C(C)C)CCCNC(=O)Nc3ccc(C(C)(C)C)cc3)O2)c1,,0
NCGC00485018-01,Brc1c2c(c(S(=O)(=O)NCc3ncccc3)cc1)cccc2,,0
NCGC00485277-01,Brc1c2c(c3NC(=O)CC(c4cc(OC)c(OC)c(OC)c4)c3c1)cccc2,,0
NCGC00379133-01,Brc1cc(-c2[nH]nnn2)c(NC(=O)Nc2cc(C(F)(F)F)ccc2)cc1,,0
NCGC00092381-04,Brc1cc(-c2c3c(N)ncnc3nc(-c3cnc(N4CCOCC4)cc3)c2)ccc1,,0
NCGC00370887-06,Brc1cc(/C(=N/NC(=O)C(NC(=O)c2ccccc2)C2=NNC(=O)c3c2cccc3)/C)ccc1,,0
NCGC00481428-01,Brc1cc(C#N)c(NC(=O)c2ccc(CP(=O)(OCC)OCC)cc2)cc1,,0
NCGC00379146-01,Brc1cc(C(=O)N2CCC(N3CCCC3)CC2)ccc1,,0
NCGC00347957-09,Brc1cc(C(=O)N2CCC(N3CCCC3)CC2)cnc1,,0
NCGC00402308-03,Brc1cc(C(=O)NCCCNC(C)(C)C)ccc1,,0
NCGC00386932-01,Brc1cc(C(=O)OC)c(N2CC(O)C(NC3CCCCC3)CC2)nc1,,0
NCGC00370894-01,Brc1cc(C2=NCC(=O)Nc3c4c(oc23)cccc4)ccc1,,0
NCGC00389085-04,Brc1cc(CCN(S(=O)(=O)c2c(C)cc(C)cc2C)Cc2ccc(-c3cc(S(=O)(=O)C)ccc3)cc2)ccc1,,0
NCGC00345496-08,Brc1cc(COc2nc(N)nc3nc[nH]c23)sc1,,0
NCGC00189073-04,Brc1cc(Cl)c(Nc2c(F)c3ncn(C)c3cc2C(=O)NOCCO)cc1,,0
NCGC00371139-12,Brc1cc(Cl)c(OCC(=O)NC(=S)Nc2ccc(S(=O)(=O)Nc3nc(C)cc(C)n3)cc2)cc1,,0
NCGC00484081-01,Brc1cc(F)c(CN2C(=O)[C@@]3(C(=O)NC(=O)C3)n3c(C2=O)ccc3)cc1,,0
NCGC00345804-10,Brc1cc(F)c(Nc2c(F)c3ncn(C)c3cc2C(=O)NOCCO)cc1,,0
NCGC00167513-04&NCGC00167513-13,Brc1cc(F)c(Nc2ncnc3c2cc(OC)c(OCC2CCN(C)CC2)c3)cc1,,0
NCGC00346804-01,Brc1cc(N)c(Nc2cc(Cl)c(C(=O)c3c(C)cccc3)cc2)cc1,,0
NCGC00347936-06,Brc1cc(NC(=O)c2cc(S(=O)(=O)N3CCCCCC3)ccc2)ccc1,,0
NCGC00229552-01,Brc1cc(Nc2nc(C3=C(C)N(C)C(=O)S3)ccn2)cc(C(F)(F)F)c1,,0
NCGC00386260-02,Brc1cc(Nc2ncnc3c2cc(NC(=O)C=C)cc3)ccc1,,0
NCGC00167795-06,Brc1cc(Nc2ncnc3c2cc(NC)nc3)ccc1,,0
NCGC00024956-17,Brc1cc(Nc2ncnc3c2cc(OC)c(OC)c3)ccc1,,0
NCGC00390566-03,Brc1cc([C@@H](NC(=O)CNC(=O)c2cc(O)cc(NC3=NCC(O)CN3)c2)CC(=O)O)cc(C(C)(C)C)c1,,0
NCGC00351594-01,Brc1cc2/C(=C/3\C(=O)N(C(C(=O)O)CC(=O)O)C(=S)S\3)/C(=O)Nc2cc1,,0
NCGC00387981-01,Brc1cc2/C(=N/Nc3ccc(S(=O)(=O)N)cc3)/C(=O)Nc2cc1,,0
NCGC00025207-15,Brc1cc2C(C(C(=O)OCC)C#N)C(C(=O)OCC)=C(N)Oc2cc1,,0
NCGC00390271-01,Brc1cc2C(c3c(Cl)cccc3)=NCC(=O)Nc2cc1,,0
NCGC00346883-02,Brc1cc2NC(=O)/C(=C/3\C(=N\OC(=O)C)\c4c(N\3)cccc4)/c2cc1,,0
NCGC00094112-11,Brc1cc2NC(=O)/C(=C\3/C(=N/O)/c4c(N/3)cccc4)/c2cc1,,0
NCGC00379117-01,Brc1cc2NC(=O)CC(c3cc(C#N)ncc3)=Nc2cc1,,0
NCGC00386841-04,Brc1cc2NC(=O)N(C3CCN(C[C@@H](NC(=O)[C@H]4[C@H](c5ccccc5)C4)C)CC3)c2cc1,,0
NCGC00079175-02,Brc1cc2c(NCC=C)ncnc2cc1,,0
NCGC00015582-11,Brc1cc2c([nH]c3-c4c(NC(=O)Cc23)cccc4)cc1,,0
NCGC00386322-01,Brc1cc2c([nH]c3-c4ncccc4NC(=O)Cc23)cc1,,0
NCGC00370834-01,Brc1cc2c(n(CC(F)CN3CCNCC3)c3c2cc(Br)cc3)cc1,,0
NCGC00390267-02,Brc1cc2c(n(CC(F)CNc3cc(OC)ccc3)c3c2cc(Br)cc3)cc1,,0
NCGC00348215-03,Brc1cc2c(nc(OC)c([C@H]([C@@](O)(CCN(C)C)c3c4c(ccc3)cccc4)c3ccccc3)c2)cc1,,0
NCGC00370767-01,Brc1cc2nc(c(CN3CCC(N4CCCCC4)CC3)c(C(=O)NC3(c4ccccc4)CC3)c2cc1)-c1cc(C(F)(F)F)ccc1,,0
NCGC00262959-01,Brc1ccc(-c2ccc(C3CC(C=4C(=O)Sc5c(C=4O)cccc5)c4c(cccc4)C3)cc2)cc1,,0
NCGC00263127-03,Brc1ccc(-c2ccc(S(=O)(=O)C[C@H](C(=O)O)C(C)C)cc2)cc1,,0
NCGC00387244-01,Brc1ccc(/C=C/C(=O)N2CCN(C(=O)c3ccc(OC)cc3)CC2)cc1,,0
NCGC00371087-01,Brc1ccc(/C=C/C(=O)Nc2c(F)cc(-c3oc4c(n3)cc(CC(=O)O)cc4)cc2)cc1,,0
NCGC00387771-01,Brc1ccc(C(=O)Nc2c(C#N)c3c(s2)CC(C(CC)(C)C)CC3)cc1,,0
NCGC00164552-06,Brc1ccc(C(=O)c2c(N)c(CC(=O)O)ccc2)cc1,,0
NCGC00015146-17,Brc1ccc(C(CCN(C)C)c2ncccc2)cc1,,0
NCGC00016692-05,Brc1ccc(C2(O)CCN(CCCC(=O)c3ccc(F)cc3)CC2)cc1,,0
NCGC00379140-01,Brc1ccc(C2N(C(=O)CCC(=O)O)N=C(C=3C(=O)Nc4c(C=3c3ccccc3)cc(C)cc4)C2)cc1,,0
NCGC00387089-01,Brc1ccc(CN(n2cnnc2)c2ccc(C#N)cc2)cc1,,0
NCGC00387192-01,Brc1ccc(C[C@@]2(C)N(C)C(=O)N(c3cc(Cl)cc(Cl)c3)C2=O)cc1,,0
NCGC00370772-05,Brc1ccc(Cn2c(Cn3cc(C(=O)N4CCOCC4)c(-c4c5c(ccc4)cccc5)c3)cnc2)cc1,,0
NCGC00347940-04,Brc1ccc(N2C(=O)/C(=C/c3oc(-c4cc5C(=O)NC(=O)c5cc4)cc3)/SC2=N)cc1,,0
NCGC00390686-01,Brc1ccc(NC(=O)C(=O)NC2CC(C)(C)NC(C)(C)C2)cc1,,0
NCGC00386409-01,Brc1ccc(S(=O)(=O)Nc2c3c(c(O)c(SCC(=O)O)c2)cccc3)cc1,,0
NCGC00485422-01,Brc1ccc([C@@H](NC(P(=O)(O)O)c2c3NC(=O)C(=O)Nc3ccc2)C)cc1,,0
NCGC00162046-04,Brc1ccc([C@@H]2N=C3SCCN3C2)cc1,,0
NCGC00370988-01,Brc1cnc(N2C[C@@H](NCc3c(Cl)cc(Cl)cc3)CC2)nc1,,0
NCGC00522539-01,Brc1cnc(NC(=S)NCCc2ncccc2)cc1,,0
NCGC00402232-02,Brc1cnc(NC[C@H]2N(C(=O)c3c(OC)c(F)ccc3)C[C@@H](C)CC2)cc1,,0
NCGC00485960-01,Brc1cnc(OCCOc2c(c(NS(=O)(=O)CCCC)ncn2)-c2ccc(Br)cc2)nc1,,0
NCGC00378592-01,Brc1cnc(OCCOc2c(c(NS(=O)(=O)N)ncn2)-c2ccc(Br)cc2)nc1,,0
NCGC00346456-05&NCGC00346456-07,Brc1cnc(OCCOc2c(c(NS(=O)(=O)NCCC)ncn2)-c2ccc(Br)cc2)nc1,,0
NCGC00077915-02,Brc1cnc2n3C(=O)/C(=C/c4oc(-c5c(C(=O)O)cccc5)cc4)/Sc3nc2c1,,0
NCGC00390351-01,Brc1n(C2C(O)C(O)C(CN(C(C)C)CCCNC(=O)Nc3ccc(C(C)(C)C)cc3)O2)c2ncnc(N)c2c1,,0
NCGC00485363-01,Brc1n([C@H]2[C@H](O)[C@@H]3OP(=O)([O-])OC[C@H]3O2)c2N=C(N)NC(=O)c2n1,,0
NCGC00390657-02,Brc1n(c(SCC(=O)O)nn1)-c1c2c(c(C3CC3)cc1)cccc2,,0
NCGC00386658-01,Brc1n[nH]c2ncnc(N3CCN(c4c(OC)cccc4)CC3)c12,,0
NCGC00262642-10,Brc1nc(/C=C(\C#N)/C(=O)N[C@@H](C)c2ccccc2)ccc1,,0
NCGC00485938-01,Brc1nn(-c2c(Cl)cccn2)c(C(=O)Nc2c(C(=O)NC)cc(C#N)cc2C)c1,,0
NCGC00386305-05,Brc1sc(S(=O)(=O)NC(=O)c2c(Cl)cc(Cl)cc2)cc1,,0
NCGC00183872-01,Brc1sc2-n3c(C)nnc3CN=C(c3c(Cl)cccc3)c2c1,,0
NCGC00371051-01,C(#Cc1cc(CN2CCOCC2)ccc1)CCN1CCCCC1,,0
NCGC00163742-05,C(=C)(C)C1CC=C(C)CC1,,0
NCGC00091056-05,C(=C)c1ccccc1,,0
NCGC00178575-05,C(=C/C=1N(C)CCCN=1)\c1c(C)ccs1,,0
NCGC00174007-04&NCGC00174007-13,C(=C/C=1N(C)CCCN=1)\c1sccc1,,0
NCGC00166291-03&NCGC00166291-04,C(=C/C=C/C(=C/C=C/C=C(/C=C/C=C(/C=C/C=C(/CCC=C(C)C)\C)\C)\C)/C)(\C=C\C=C(\CCC=C(C)C)/C)/C,,0
NCGC00096081-04&NCGC00096081-05,C(=C/C=C/C=C(/C=C/C=C(/C=C/C=1C(C)(C)CCCC=1C)\C)\C)(\C=C\C=C(\C=C\C=1C(C)(C)CCCC=1C)/C)/C,,0
NCGC00181323-02,C(=C/CC/C(=C/CC/C=C(/CC/C=C(/CCC=C(C)C)\C)\C)/C)(\CCC=C(C)C)/C,,0
NCGC00024714-11,C(=C/CN1CCCC1)(\c1ncccc1)/c1ccc(C)cc1,,0
NCGC00018187-09,C(=C/c1ccccc1)\CN1CCN(C(c2ccccc2)c2ccccc2)CC1,,0
NCGC00485927-01,C(=C/c1ccccc1)\c1c(-c2cc(C)c(-c3cnccc3)nc2)ncc(-c2cnccc2)c1,,0
NCGC00160181-03,C(=CCCC1(C)Oc2c(C)cc3c([nH]c4c3cccc4)c2C=C1)(C)C,,0
NCGC00160603-02,C(=Cc1ccccc1)c1ccncc1,,0
NCGC00165889-13,C(C)(C)(C)c1[nH]c(c(-c2cc3OCOc3cc2)n1)-c1nc(C)ccc1,,0
NCGC00186024-12,C(C)(C)(C)c1[nH]c(c(-c2cc3nccnc3cc2)n1)-c1nc(C)ccc1,,0
NCGC00370941-01,C(C)(C)(C)c1ccc(-c2[nH]c3c(N4CCN(Cc5cc6nccnc6cc5)CC4)cccc3n2)cc1,,0
NCGC00371152-01,C(C)(C)(C)c1ccc(-c2[nH]c3c(n2)cccc3)cc1,,0
NCGC00095836-05,C(C)(C)c1cc-2c(C)ccc-2c(C)cc1,,0
NCGC00387477-01,C(C)(C)c1n(c(-c2cnc(-c3ccccc3)cc2)nn1)-c1c2nonc2ccc1,,0
NCGC00386410-02,C(C)(C)c1sc2ncnc(N3CCN(C=4SC(C)(C)CN=4)CC3)c2c1,,0
NCGC00408838-01,C(C)N1C(C)C(=C2c3c(cccc3)CCc3c2cccc3)CC1,,0
NCGC00167524-02,C(CC)(C)(C)c1ccc(CC(CN2C[C@@H](C)O[C@@H](C)C2)C)cc1,,0
NCGC00344012-02,C(CC)CC1CCC(c2onc(-c3ccncc3)n2)CC1,,0
NCGC00181040-02,C(CC1NCCCC1)C,,0
NCGC00165976-02,C(CCCC(CCCCC(CCCC(CCCC(C)C)C)C)C)(CCCC(C)C)C,,0
NCGC00181122-01,C(CCCCCC)CCCCC[n+]1cc2c(cc1)cccc2,,0
NCGC00181085-01,C(CCCCCCC)CCCCCC[n+]1ccc(C)cc1,,0
NCGC00165841-02,C(CCCCCCCC)CCCCCCC[n+]1c(C)n(Cc2ccccc2)cc1,,0
NCGC00091023-06&NCGC00091023-07,C(CCCCCCCC)CCCCCCC[n+]1ccccc1,,0
NCGC00094207-05,C(CC[N+]1(C)CCCC1)CC[N+]1(C)CCCC1,,0
NCGC00370706-02,C(CCc1n[nH]nn1)CN1CCC(=C2c3c(cccc3)C=Cc3c2cccc3)CC1,,0
NCGC00378668-01,C(CN1CC(c2onc(-c3ccc(C)cc3)c2)=CCC1)C,,0
NCGC00159492-03,C(CN1c2c(Sc3c1cccc3)cccc2)CN1CCN(C)CC1,,0
NCGC00182554-04,C(Cc1cnc(C)cc1)n1c2c(c3c1CCN(C)C3)cc(C)cc2,,0
NCGC00188443-01,C(Cc1n2c(nn1)CCCC2)N1CCN(c2c(C)cccc2)CC1,,0
NCGC00408903-01,C(Cc1n[nH]nn1)N1CCN(c2ccccc2)CC1,,0
NCGC00112827-02,C(Cc1nn2C(N3CCN(c4c(C)c(C)ccc4)CC3)=Nc3c(-c2n1)cccc3)n1c(C)cc(C)n1,,0
NCGC00016421-07,C(N1CCN(C)CC1)(c1ccccc1)c1ccccc1,,0
NCGC00370818-01,C(N1CCN(c2ncccn2)CC1)c1[nH]c(-c2ccccc2)nc1,,0
NCGC00346474-01,C(N1CCNCC1)c1c2c(ccc1)cccc2,,0
NCGC00165722-03&NCGC00165722-19,C(N1CCNCCCNCCNCCC1)c1ccc(CN2CCNCCCNCCNCCC2)cc1,,0
NCGC00183046-03,C(N1c2c(Sc3c1cccc3)cccc2)C1C2CCN(C1)CC2,,0
NCGC00181356-02,C([N+]1(C)CCCCC1)C1OC(c2ccccc2)(C2CCCCC2)OC1,,0
NCGC00182994-01,C([N+]1(C)CCCCC1)C1OC(c2ccccc2)(c2ccccc2)OC1,,0
NCGC00181104-04,C(\C=C\c1[n+](CC)c2c(s1)cccc2)=C/C=C\1/N(CC)c2c(S/1)cccc2,,0
NCGC00183859-01,C(\c1ccccc1)(/c1ccccc1)=C\1/C(C)[N+](CC)(CC)CC/1,,0
NCGC00167984-01,C(\c1sccc1)(/c1sccc1)=C\1/C[N@+]2(C)[C@@H](CC/1)CCCC2,,0
NCGC00182057-03,C(c1c(C)c(C)ccc1)c1[nH]cnc1,,0
NCGC00095348-11,C(c1c2c([nH]c1)cccc2)c1c2c([nH]c1)cccc2,,0
NCGC00016506-07,C(c1cc2c(cc1)cccc2)C1=NCCN1,,0
NCGC00016283-04,C(c1ccccc1)(c1ccccc1)=C1CC[N+](C)(C)CC1,,0
NCGC00016271-05,C(c1ccccc1)C1=NCCN1,,0
NCGC00346689-06,C(c1n2N=C(c3cn(C)nc3)C=Cc2nc1)c1cc2c(nccc2)cc1,,0
NCGC00485021-01,C(c1nc2c(cn1)CCNCC2)c1ccccc1,,0
NCGC00085849-02,C(n1c2c(c3c1CCN(C)C3)cccc2)c1ccccc1,,0
NCGC00016018-11,C1(C2c3c(cccc3)CCC2)=NCCN1,,0
NCGC00482591-01,C=C1[C@H]2[C@@](C)(Cc3occ(C)c3C2)CCC1,,0
NCGC00091666-04,CC1(C)OC2(C)CCC1CC2,,0
NCGC00182705-02,CN1CC/C(=C\2/c3ncccc3CCc3c/2cccc3)/CC1,,0
NCGC00015656-12,CN1CC2N(c3c(cccc3)Cc3c2cccc3)CC1,,0
NCGC00025346-08&NCGC00025346-15,CN1CC2N(c3ncccc3Cc3c2cccc3)CC1,,0
NCGC00532494-01,CN1CC=2C(c3ccccc3)c3c(cccc3)C=2CC1,,0
NCGC00378937-01,CN1CC=2c3c(cccc3)Cc3c(cccc3)C=2CC1,,0
NCGC00485141-01,CN1CC=C(c2c(C)cccc2)CC1,,0
NCGC00096077-06&NCGC00096077-20,CN1CCN(C2=Nc3c(Nc4sc(C)cc24)cccc3)CC1,,0
NCGC00182979-02,CN1CCN(C2=Nc3c(cccc3)Cc3c2cccc3)CC1,,0
NCGC00370937-01,CN1C[C@H]2[C@@H](C1)CN(c1nnc(-c3ccccc3)cc1)C2,,0
NCGC00094906-06,CN1Cc2c(C(c3ccccc3)OCC1)cccc2,,0
NCGC00378999-05,CN1Cc2cc(Nc3nc(-c4cc(OCC/C=C/C1)ccc4)ccn3)ccc2,,0
NCGC00090693-11,CN1[C@@H](c2cnccc2)CCC1,,0
NCGC00182065-02,CN1[C@@H]2[C@@H]3[C@@](c4c(ccc(C)c4)C2)(CC1)CCCC3,,0
NCGC00371104-01,C[C@@H]1SC[C@]2(O1)C1CCN(C2)CC1,,0
NCGC00015959-09,C[n+]1c2c3c(cc4OCOc4c3)ccc2c2c(c3OCOc3cc2)c1,,0
NCGC00163373-02,Cc1c(C)cc2ncc(-c3ccccc3)nc2c1,,0
NCGC00167540-03,Cc1c2c([nH]c1)cccc2,,0
NCGC00379188-02,Cc1c2c(nc(N3CCCCC3)c1)cccc2,,0
NCGC00385934-01,Cc1c2c(oc1)CC1(C)OC1CCC1(C)OC1C2,,0
NCGC00015646-03&NCGC00015646-05,Cc1c[nH]nc1,,0
NCGC00370942-04,Cc1ccc(-c2nc3SC4=C(n3c2)CCCC4)cc1,,0
NCGC00510442-01,Cc1cnc(-c2ncc(C)cc2)cc1,,0
NCGC00249661-03,Cc1n(c(C)cc1-c1n2c(nn1)CCCCC2)-c1ccc(C)cc1,,0
NCGC00242054-15,Cc1nc(-c2c(-c3nc4c(nccc4)cc3)c[nH]n2)ccc1,,0
NCGC00016893-04&NCGC00182084-01,Cl/C(/Cl)=C(/Cl)\c1c(S(=O)(=O)N)cc(S(=O)(=O)N)c(N)c1,,0
NCGC00090997-11,Cl/C(/Cl)=C\OP(=O)(OC)OC,,0
NCGC00016511-08,Cl/C(=C(/c1ccc(OC)cc1)\c1ccc(OC)cc1)/c1ccc(OC)cc1,,0
NCGC00164385-06,Cl/C(=C(\c1ccc(OCCN(CC)CC)cc1)/c1ccccc1)/c1ccccc1,,0
NCGC00253575-01,Cl/C(=N\OC[C@H](O)CN1CCCCC1)/c1c[n+]([O-])ccc1,,0
NCGC00253596-01,Cl/C=C\C(O)(C#C)CC,,0
NCGC00344521-01,Cl/C=C\[CH-][N+]12CN3CN(C1)CN(C2)C3,,0
NCGC00164385-05,ClC(=C(c1ccc(OCCN(CC)CC)cc1)c1ccccc1)c1ccccc1,,0
NCGC00386194-01,ClC(C(NC(=O)C1N(C)CC(CCC)C1)C1C(O)C(O)C(OC(=O)CCCCCCCCCCCCCCC)C(SC)O1)C,,0
NCGC00389304-01,ClC(C(NC(=O)C1N(C)CC(CCC)C1)C1C(O)C(O)C(OP(=O)(O)O)C(SC)O1)C,,0
NCGC00091021-01,ClC(Cl)(Cl)C(=O)O,,0
NCGC00159392-05,ClC(Cl)(Cl)C(O)(C)C,,0
NCGC00018237-09,ClC(Cl)(Cl)C(P(=O)(OC)OC)O,,0
NCGC00160570-01,ClC(Cl)(Cl)C(P(=O)(OC)OC)OC(=O)CCC,,0
NCGC00091071-08,ClC(Cl)(Cl)C(c1ccc(Cl)cc1)c1ccc(Cl)cc1,,0
NCGC00091034-10,ClC(Cl)(Cl)SN1C(=O)C2C(C1=O)CC=CC2,,0
NCGC00162143-03,ClC(Cl)(P(=O)(O)[O-])P(=O)(O)[O-],,0
NCGC00480787-02,ClC(Cl)(P(OP(=O)(OC[C@@H]1[C@@H](O)[C@@H](O)[C@H](n2c3nc(SCCC(F)(F)F)nc(NCCSC)c3nc2)O1)O)(=O)O)P(=O)(O)O,,0
NCGC00370970-01,ClC(Cl)=C(Cl)C(=O)Nc1ccc(-n2c(C(F)(F)F)c(C(=O)OCC)cn2)cc1,,0
NCGC00159390-14,ClC(Cl)=CC1C(C)(C)C1C(=O)OCc1cc(Oc2ccccc2)ccc1,,0
NCGC00344542-01,ClC(Cl)=C[C@@H]1[C@@H](C(=O)OCc2c(F)c(F)cc(F)c2F)C1(C)C,,0
NCGC00016637-10,ClC(Cl)C(=O)N(C)c1ccc(OC(=O)c2occc2)cc1,,0
NCGC00387188-01,ClC(Cl)C(=O)NCCCCCCCCNC(=O)C(Cl)Cl,,0
NCGC00179366-03,ClC(Cl)C(=O)N[C@@H]([C@H](O)c1ccc(S(=O)(=O)C)cc1)CF,,0
NCGC00178319-06,ClC(Cl)C(=O)N[C@@H]([C@H](O)c1ccc(S(=O)(=O)C)cc1)CO,,0
NCGC00167498-02,ClC(Cl)C(=O)N[C@@H]([C@H](O)c1ccc(S(=O)(=O)C)cc1)COC(=O)CN,,0
NCGC00091011-08&NCGC00091011-20,ClC(Cl)C(=O)N[C@@H]([C@H](O)c1ccc([N+](=O)[O-])cc1)CO,,0
NCGC00094619-06,ClC(Cl)C(=O)N[C@@H]([C@H](O)c1ccc([N+](=O)[O-])cc1)COC(=O)CCC(=O)[O-],,0
NCGC00348371-01,ClC(Cl)C(=O)N[C@@H]([C@H](O)c1ccc([N+](=O)[O-])cc1)COC(=O)CCCCCCCCCCCCCCC,,0
NCGC00255419-01,ClC(Cl)C(=O)O,,0
NCGC00168747-01,ClC(Cl)C(F)(F)OC,,0
NCGC00015226-12&NCGC00015226-17,ClC(Cl)C(c1c(Cl)cccc1)c1ccc(Cl)cc1,,0
NCGC00018302-07&NCGC00018302-12,ClC(Cl)C1NS(=O)(=O)c2c(N1)cc(Cl)c(S(=O)(=O)N)c2,,0
NCGC00379046-01,ClC(F)(F)C=1n2nc(C(=O)NCc3sccc3)cc2N=C(c2occc2)C=1,,0
NCGC00402295-03,ClC(F)(F)C=1n2nc(C(=O)Nc3n(-c4ccccc4)ncc3C(=O)OCC)cc2N=C(c2occc2)C=1,,0
NCGC00509944-01,ClC(F)(F)Oc1ccc(NC(=O)c2cc(c(N3C[C@H](O)CC3)nc2)-c2[nH]ncc2)cc1,,0
NCGC00167422-01,ClC(F)C(F)(F)OC(F)F,,0
NCGC00181037-03,ClC(OC(F)F)C(F)(F)F,,0
NCGC00015202-08&NCGC00015202-21,ClC1(Cl)C(c2ccc(OC(C(=O)O)(C)C)cc2)C1,,0
NCGC00510749-15,ClC1=C(C(=O)O)N2C(=O)[C@@H](NC(=O)[C@H](N)c3ccccc3)[C@H]2CC1,,0
NCGC00015260-22,ClC1=C(C(=O)O)N2C(=O)[C@@H](NC(=O)[C@H](N)c3ccccc3)[C@H]2SC1,,0
NCGC00371100-01,ClC1=C(N)n2c(C(C(=O)NCC3CCN(CC(C)C)CC3)=C1)nc(C)c2,,0
NCGC00379237-02,ClC1=C(Oc2ccc(OC)cc2)C(=O)N(C2c3c(-c4c2cccc4)cccc3)N=C1,,0
NCGC00386912-01,ClC1=C(Oc2ccc(OC)cc2)C(=O)N(c2cc(C)cc(C)c2)N=C1,,0
NCGC00249350-02,ClC1=Cn2c(-c3nc(NC4CCNCC4)ccc3)cnc2C=C1,,0
NCGC00241410-02,ClC1=Cn2c(-c3nc(NC4CNC4)ccc3)cnc2C=C1,,0
NCGC00249372-02,ClC1=Cn2c(-c3nc(NC4CNCC4)ccc3)cnc2C=C1,,0
NCGC00476209-02,ClC1=Nn2c(c(C)nc2C(NCCNC(=O)C)=C1)-c1cc(S(=O)(=O)N(C)C)ccc1,,0
NCGC00348372-01,ClC1C(Cl)C(Cl)C(Cl)C(Cl)C1Cl,,0
NCGC00385589-01,ClC1C(Cl)CN2C(=O)C(C(O)C)NC(=O)CC(c3ccccc3)NC(=O)C(CO)NC(=O)C(CC)NC(=O)C12,,0
NCGC00384857-01,ClC1C(Cl)CN2C(=O)C(CC)NC(=O)CC(c3ccccc3)NC(=O)C(CO)NC(=O)C(CC)NC(=O)C12,,0
NCGC00381300-01,ClC1C(O)C(OC(=O)c2ccccc2)C(O)C(COC(=O)c2ccccc2)=C1,,0
NCGC00481577-01,ClC=1/C(=N\c2c(S(=O)(=O)N(C)C)cccc2)/NC(Nc2ccc(CN3CCN(C)CC3)cc2)=NC=1,,0
NCGC00380773-01,ClC=1C(=O)C(O)(C)C(=O)C2(O)C(OC)OC(/C=C/C(=C/C(CC)C)/C)=CC=12,,0
NCGC00380774-01,ClC=1C(=O)C(OC(=O)C)(C)C(=O)C2(O)C(OC)OC(/C=C/C(=C/C(CC)C)/C)=CC=12,,0
NCGC00385711-01,ClC=1C(=O)C(OC(=O)C)(C)C(=O)C=2C=1C=C(/C=C/C(=C/C(CC)C)/C)N(C(C(=O)O)CC(=O)O)C=2,,0
NCGC00380203-01,ClC=1C(=O)C(OC(=O)C)(C)C(=O)C=2C=1C=C(/C=C/C(=C/C(CC)C)/C)N(C(C(=O)O)CCC(=O)O)C=2,,0
NCGC00380205-01,ClC=1C(=O)C(OC(=O)C)(C)C(=O)C=2C=1C=C(/C=C/C(=C/C(CC)C)/C)N(C(C(=O)O)CCCNC(=N)N)C=2,,0
NCGC00385710-01,ClC=1C(=O)C(OC(=O)C)(C)C(=O)C=2C=1C=C(/C=C/C(=C/C(CC)C)/C)N(C1C(=O)N(C(C(=O)O)CCC(=O)N)CCCC1)C=2,,0
NCGC00169389-03,ClC=1C(=O)C(OC(=O)C)(C)C(=O)C=2C=1C=C(/C=C/C(=C/C(CC)C)/C)N(CCCC(=O)O)C=2,,0
NCGC00381154-01,ClC=1C(=O)C(OC(=O)C)(C)C(=O)C=2C=1C=C(/C=C/C(=C/C(CC)C)/C)N(CCCCC(N)C(=O)O)C=2,,0
NCGC00380768-01,ClC=1C(=O)C(OC(=O)C)(C)C(=O)C=2C=1C=C(/C=C/C(=C/C(CC)C)/C)NC=2,,0
NCGC00168901-04,ClC=1C(=O)C(OC(=O)C)(C)C(=O)C=2C=1C=C(/C=C/C(=C/C(CC)C)/C)OC=2,,0
NCGC00485897-01,ClC=1C(=O)N(CCCC)C=CC=1N1CCC(c2ccccc2)CC1,,0
NCGC00074967-03,ClC=1C(=O)N(c2c(OC)ccc(OC)c2)C(=O)C=1N1CCCCC1,,0
NCGC00389632-02&NCGC00389632-06,ClC=1C(=O)NC(=O)NC=1CN1C(=N)CCC1,,0
NCGC00094516-08,ClC=1C(=O)Oc2c(C=1C)ccc(OP(=S)(OCC)OCC)c2,,0
NCGC00380255-01,ClC=1C(=O)[C@@](O)(C)[C@H](OC(=O)C)[C@@H]2C=1C=C(/C=C/C(=C/[C@H](CC)C)/C)OC2,,0
NCGC00181011-02,ClC=1C(O)=CC(=O)NC=1,,0
NCGC00480898-01,ClC=1C(c2c(F)cc(OCCCNC)cc2F)=C(N[C@H](C(F)(F)F)C)n2ncnc2N=1,,0
NCGC00091032-09&NCGC00262575-02,ClC=1C=2[C@](C)([C@@H]3[C@H](C(=O)C=2)C3)[C@@H]2[C@H]([C@H]3[C@@](C)([C@@](OC(=O)C)(C(=O)C)CC3)CC2)C=1,,0
NCGC00181041-01,ClC=1SN(C)C(=O)C=1,,0
NCGC00343773-03,ClCC(=N)NCCC[C@H](NC(=O)c1cc2c(cc(N(C)C)cc2)cc1)C(=O)NCc1ccccc1,,0
NCGC00485266-01,ClCC(=O)N1C(C(=O)OC)(C)c2[nH]c3c(c2CC1)cccc3,,0
NCGC00507863-01,ClCC(=O)N1[C@@H](c2ccc(C(=O)OC)cc2)c2[nH]c3c(c2C[C@@H]1C(=O)OC)cccc3,,0
NCGC00384179-01,ClCC(=O)Nc1cc(NC2=NS(=O)(=O)c3c2cccc3)ccc1,,0
NCGC00347285-06,ClCC(=O)Nc1ccc(-n2c(-c3cc(Cl)c(Cl)cc3)nc(OCCOC)n2)cc1,,0
NCGC00370996-03,ClCC(=O)Nc1ccc(S(=O)(=O)c2ccc(NC(=O)CCl)cc2)cc1,,0
NCGC00094419-03,ClCC(=O)[C@@H](NS(=O)(=O)c1ccc(C)cc1)Cc1ccccc1,,0
NCGC00023373-03&NCGC00023373-10,ClCC(=O)[C@@]1(OC(=O)CC)[C@@H](C)C[C@@H]2[C@]1(C)C[C@H](O)[C@]1(F)[C@]3(C)C(=CC(=O)C=C3)CC[C@@H]21,,0
NCGC00167451-04,ClCC(=O)[C@@]1(OC(=O)CC)[C@@H](C)C[C@@H]2[C@]1(C)C[C@H](O)[C@]1(F)[C@]3(C)C([C@@H](F)C[C@@H]21)=CC(=O)C=C3,,0
NCGC00022019-03,ClCC(=O)[C@@]1(OC(=O)CCC)[C@@H](C)C[C@@H]2[C@]1(C)CC(=O)[C@]1(F)[C@]3(C)C(=CC(=O)C=C3)CC[C@@H]21,,0
NCGC00179475-03,ClCC(=O)[C@]12[C@]3(C)[C@H]([C@H]4[C@](F)([C@@H](O)C3)[C@]3(C)C(=CC(=O)CC3)CC4)C[C@H]1OC(C)(C)O2,,0
NCGC00508824-01,ClCC(O)COc1ccc(C(C)(C)c2ccc(OCC(O)CO)cc2)cc1,,0
NCGC00380703-01,ClCC(O)C[C@@H]1C(=O)N2[C@H](C(=O)N[C@@H]([C@@H](CC)C)C(=O)N(C)[C@@H](C(C)C)C(=O)N(C)[C@@H](C)C(=O)NCCC(=O)O1)CCC2,,0
NCGC00160530-12&NCGC00160530-13,ClCC/C(=C(/c1ccc(OCCN(C)C)cc1)\c1ccccc1)/c1ccccc1,,0
NCGC00167446-02,ClCC1N(C)S(=O)(=O)c2c(N1)cc(Cl)c(S(=O)(=O)N)c2,,0
NCGC00249908-01,ClCCCNC(Cc1ccccc1)C,,0
NCGC00164581-02,ClCCN(C(=O)Oc1cc2c([C@@H]3[C@H]([C@H]4[C@@](C)([C@@H](O)CC4)CC3)CC2)cc1)CCCl,,0
NCGC00484900-01,ClCCN(C(=O)Oc1cc2c([C@@H]3[C@H]([C@H]4[C@@](C)([C@@H](OP(=O)(O)O)CC4)CC3)CC2)cc1)CCCl,,0
NCGC00015121-17&NCGC00015121-25,ClCCN(C(COc1ccccc1)C)Cc1ccccc1,,0
NCGC00091835-10&NCGC00091835-15,ClCCN(CCCl)C,,0
NCGC00160575-01,ClCCN(CCCl)C=1C(=O)NC(=O)NC=1,,0
NCGC00015209-11&NCGC00015209-16,ClCCN(CCCl)P1(=O)OCCCN1,,0
NCGC00485834-01,ClCCN(CCCl)[C@H]1[C@@H]2Oc3c(O)ccc4c3[C@@]32[C@](O)([C@H](N(CC2CC2)CC3)C4)CC1,,0
NCGC00181170-02&NCGC00181170-09,ClCCN(CCCl)c1cc2nc(CCCC(=O)O)n(C)c2cc1,,0
NCGC00510486-01,ClCCN(CCCl)c1cc2nc(CCCCCCC(=O)NO)n(C)c2cc1,,0
NCGC00015199-20&NCGC00015199-24,ClCCN(CCCl)c1ccc(CCCC(=O)O)cc1,,0
NCGC00090757-06&NCGC00090757-12,ClCCN(CCCl)c1ccc(C[C@H](N)C(=O)O)cc1,,0
NCGC00346829-02&NCGC00346829-03,ClCCN(N=O)C(=O)NC(P(=O)(OCC)OCC)C,,0
NCGC00167466-02&NCGC00167466-04,ClCCN(N=O)C(=O)NC1CCCCC1,,0
NCGC00015204-09,ClCCN(N=O)C(=O)NCCCl,,0
NCGC00015755-10,ClCCN(N=O)C(=O)NCc1c(N)nc(C)nc1,,0
NCGC00179435-05&NCGC00179435-06,ClCCNP1(=O)N(CCCl)CCCO1,,0
NCGC00160546-02,ClCCOP(=O)(OCCCl)Oc1cc2OC(=O)C(Cl)=C(C)c2cc1,,0
NCGC00344630-02,ClCC[C@@H]1[C@@]2(C)[C@]([C@@H](O)[C@@H]3C=CCCC3)(C(=O)O2)NC1=O,,0
NCGC00249933-01,ClCC[N+]([O-])(CCCl)C,,0
NCGC00384198-02,ClCC[N+]([O-])(CCCl)c1ccc(C[C@H](N)C(=O)O)cc1,,0
NCGC00024842-05,ClCCc1c(C)ncs1,,0
NCGC00164594-02&NCGC00164594-08,ClCOC(=O)[C@]1(OC(=O)OCC)[C@]2(C)[C@H]([C@H]3[C@H]([C@@H](O)C2)[C@]2(C)C(=CC(=O)C=C2)CC3)CC1,,0
NCGC00249110-03,ClC[C@@H]1[C@@H](O)[C@H](O)[C@@](O[C@@H]2[C@H](O)[C@@H](O)[C@@H](Cl)[C@@H](CO)O2)(CCl)O1,,0
NCGC00164344-04,ClN1C(=O)N(Cl)C(=O)N(Cl)C1=O,,0
NCGC00650297-01,ClS(=O)(=O)c1ccc(-c2ccccc2)cc1,,0
NCGC00380871-01,Cl[C@@H]1[C@@H](OC(=O)c2cc(O)c(O)cc2)[C@H]2[C@H]3[C@]1(O)CO[C@H](OC3O[C@H]1[C@H](O)[C@@H](O)[C@H](O)[C@@H](CO)O1)C2,,0
NCGC00167506-04,Cl[C@@H]1[C@H](OC)C[C@H](/C=C(\C)/[C@@H]2[C@H](C)[C@@H](O)CC(=O)[C@H](CC)/C=C(\C)/C[C@H](C)C[C@H](OC)[C@@H]3[C@@H](OC)C[C@@H](C)[C@](O)(C(=O)C(=O)N4[C@H](C(=O)O2)CCCC4)O3)CC1,,0
NCGC00179636-04,Cl[C@H]([C@@H](NC(=O)[C@H]1N(C)C[C@H](CCC)C1)C1[C@H](O)[C@H](O)[C@@H](O)[C@@H](SC)O1)C,,0
NCGC00263950-13,Cl[C@H]([C@@H](NC(=O)[C@H]1N(C)C[C@H](CCC)C1)[C@@H]1[C@H](O)[C@H](O)[C@@H](O)[C@@H](SC)O1)C,,0
NCGC00185773-02,Cl[C@H]([C@@H](NC(=O)[C@H]1N(C)C[C@H](CCC)C1)[C@@H]1[C@H](O)[C@H](O)[C@@H](OC(=O)CCCCCCCCCCCCCCC)[C@@H](SC)O1)C,,0
NCGC00522015-01,Cl[C@H]([C@@H](NC(=O)[C@H]1NCC[C@@H](CC)C1)[C@@H]1[C@H](O)[C@H](O)[C@@H](O)[C@@H](SC)O1)C,,0
NCGC00390090-01,Cl[C@H]1[C@@H]2[C@H]([C@@H](O)C[C@]3(C)[C@](OC(=O)CC)(C(=O)COC(=O)CC)[C@H](C)C[C@@H]23)[C@]2(C)C(=CC(=O)C=C2)C1,,0
NCGC00179239-05,Cl[C@]12[C@@H](O)C[C@]3(C)[C@@H](C(=O)COC(=O)C(C)(C)C)[C@H](C)C[C@H]3[C@@H]1C[C@H](F)C=1[C@]2(C)C=CC(=O)C=1,,0
NCGC00179392-03,Cl[C@]12[C@@H](O)C[C@]3(C)[C@@](O)(C(=O)CO)[C@@H](C)C[C@H]3[C@@H]1CCC=1[C@]2(C)C=CC(=O)C=1,,0
NCGC00178241-04,Cl[Pt]1(Cl)NCCN1,,0
NCGC00390666-01,Clc1[n+]([O-])c(C)c(Cl)c(C)c1-c1nc(-c2cc(O)c(O)c([N+](=O)[O-])c2)on1,,0
NCGC00378698-01,Clc1c(-c2[nH]c3c(n2)ccc(N(C)C)c3)cc(NC(=O)c2cc(OC)cc(OC)c2)cc1,,0
NCGC00263210-04,Clc1c(-c2[nH]c3c(n2)cccc3)cc(NC(=O)c2cc(OCC)c(OCC)c(OCC)c2)cc1,,0
NCGC00250379-21,Clc1c(-c2c(-c3[nH]cc(C)n3)cnc(NCCNc3ncc(C#N)cc3)n2)ccc(Cl)c1,,0
NCGC00485051-01,Clc1c(-c2c(-c3ccc(Cl)cc3)c3n(C(N4CC(NCC)(C(=O)N)C4)=NC(C)=N3)n2)cccc1,,0
NCGC00346677-02,Clc1c(-c2c(-n3cncc3)cnc(NCCNc3nc(N)c([N+](=O)[O-])cc3)n2)ccc(Cl)c1,,0
NCGC00371150-04,Clc1c(-c2c(C(=O)N(C)c3ccc(Cl)cc3)c(C)on2)cccc1,,0
NCGC00178782-04,Clc1c(-c2c(C(=O)N[C@@H]3C(=O)N4[C@@H](C(=O)O)C(C)(C)S[C@H]34)c(C)on2)c(Cl)ccc1,,0
NCGC00178840-05&NCGC00178840-12,Clc1c(-c2c(C(=O)N[C@@H]3C(=O)N4[C@@H](C(=O)O)C(C)(C)S[C@H]34)c(C)on2)cccc1,,0
NCGC00262578-03,Clc1c(-c2c(C(=O)N[C@@H]3C(=O)N4[C@H](C(=O)O)C(C)(C)S[C@H]34)c(C)on2)c(F)ccc1,,0
NCGC00346696-07,Clc1c(-c2c(C)cc(C)cn2)cc(N2CCN(C(=O)CCS(=O)(=O)C)CC2)nc1,,0
NCGC00386642-01,Clc1c(-c2c(C)sc(N([C@@H](CC3CC3)c3cc(F)c(C)cc3)CC#C)n2)cc(C)c(OC)c1,,0
NCGC00386641-01,Clc1c(-c2c(CC(=O)NCc3cnc(OCC(F)(F)F)cc3)c(C)on2)c(Cl)ccc1,,0
NCGC00390630-01,Clc1c(-c2c(Cl)ccc(Cl)c2)cc(C(=O)N2CCN(C(=O)C=C)CC2)c(OC)c1,,0
NCGC00390636-01,Clc1c(-c2c(Cl)cccc2)cc(NCC(=O)N2CCN(C(=O)C=C)CC2)c(OC)c1,,0
NCGC00181136-01,Clc1c(-c2c([N+](=O)[O-])c(Cl)ccc2)c[nH]c1,,0
NCGC00510167-01,Clc1c(-c2c3c([nH]c2)cccc3)nc(N[C@H]2CN(C(=O)c3ccc(NC(=O)/C=C/CN(C)C)cc3)CCC2)nc1,,0
NCGC00351596-02,Clc1c(-c2c3c([nH]c2)cccc3)nc(Nc2c(OC)cc(N3CCC(N)CC3)cc2)nc1,,0
NCGC00485484-02,Clc1c(-c2c3c([nH]c2)cccc3)nc(Nc2cc(NC(=O)c3cc(NC(=O)/C=C/CN(C)C)ccc3)ccc2)nc1,,0
NCGC00389590-05,Clc1c(-c2c3c([nH]c2)cccc3)nc(Nc2cc(NC(=O)c3ccc(NC(=O)/C=C/CN(C)C)cc3)ccc2)nc1,,0
NCGC00380969-01,Clc1c(-c2c3c([nH]c2)cccc3)ocn1,,0
NCGC00378692-06,Clc1c(-c2cc(C(=O)N[C@H](CO)c3cc(Cl)ccc3)[nH]c2)cc(NC(C)C)nc1,,0
NCGC00378840-01,Clc1c(-c2cc(C)c3nc(Nc4ccc(OCCN5CCCC5)cc4)nnc3c2)cc(OC(=O)c2ccccc2)cc1,,0
NCGC00386681-01,Clc1c(-c2ccc(Cl)cc2)cc2oc(N3CCC(C(=O)N[C@@H]4C[C@@H](CO)CCC4)CC3)nc2c1,,0
NCGC00351601-07,Clc1c(-c2n(-c3ccc(Cl)cc3)c3ncnc(N4CCC(NCC)(C(=O)N)CC4)c3n2)cccc1,,0
NCGC00387870-04,Clc1c(-c2n(C)ncc2Cl)cc(C(=O)NC(CN)Cc2cc(F)c(F)cc2)o1,,0
NCGC00390611-02,Clc1c(-c2n(C)ncc2Cl)cc(C(=O)N[C@H](CN)Cc2cc(F)c(F)cc2)s1,,0
NCGC00387879-02,Clc1c(-c2n(C)ncc2Cl)cc(C(=O)N[C@H](CN)Cc2cc(F)ccc2)s1,,0
NCGC00015205-10,Clc1c(-c2nc(C(=O)N(C(CC)C)C)cc3c2cccc3)cccc1,,0
NCGC00378912-01,Clc1c(-c2nc(COc3cc(C)c(OCC(=O)O)cc3)sc2)cccc1,,0
NCGC00160397-04&NCGC00160397-13,Clc1c(-c2nc(N)nc(N)n2)cc(Cl)cc1,,0
NCGC00378918-01,Clc1c(-c2nc(NCc3cc(F)ccc3)ccc2)cc(NC2CCC(N)CC2)nc1,,0
NCGC00386331-01,Clc1c(-c2nc(SCCCC(=O)N)nc(N)n2)c2c3c(c1)COCc3ccc2,,0
NCGC00141101-01,Clc1c(-c2oc3c(n2)cc(NC(=O)c2ccc(OC)cc2)cc3)ccc(F)c1,,0
NCGC00481567-03,Clc1c(-c2sc3c(c(C(=O)NC4CC4)ccc3)c2)nc(NCCCN2CCN(C)CC2)nc1,,0
NCGC00370822-01,Clc1c(-n2c(-c3ccc(Cl)cc3)c3OCCN(CC(F)(F)C)C(=O)c3n2)cccc1,,0
NCGC00263197-03,Clc1c(-n2c(-c3sc(NC(=O)C(C)C)nc3)cc(C(F)F)n2)c(Cl)ccc1,,0
NCGC00345825-02,Clc1c(-n2c(-c3sc(NC(=O)C4CC4)nc3)cc(C(F)F)n2)c(Cl)ccc1,,0
NCGC00390587-01&NCGC00390587-03,Clc1c(-n2c(/C=C/c3oc(-c4ccc(C#N)cc4)nn3)nnc2-c2ncc(S(=O)(=O)C)cc2)cccc1,,0
NCGC00094574-15,Clc1c(-n2c(N)c([SH0](=O)C(F)(F)F)c(C#N)n2)c(Cl)cc(C(F)(F)F)c1,,0
NCGC00371029-01,Clc1c(-n2c(c(C)c(C(=O)NCc3cnccc3)n2)-c2ccc(Cl)cc2)ccc(Cl)c1,,0
NCGC00164572-02&NCGC00164572-14,Clc1c(-n2c(c(C)c(C(=O)NN3CCCCC3)n2)-c2ccc(Cl)cc2)ccc(Cl)c1,,0
NCGC00370913-02,Clc1c(-n2c(c(C)c(C(=O)NN3CCCCC3)n2)-c2ccc(OC)cc2)ccc(Cl)c1,,0
NCGC00485482-01,Clc1c(-n2c(c(CNS(=O)(=O)N3CCCC3)c(C(=O)NN3CCCCC3)n2)-c2sc(C#Cc3ccc(C(F)(F)F)cc3)cc2)ccc(Cl)c1,,0
NCGC00345809-03,Clc1c(-n2nc(C(C)C)c3C(=O)NC(Cc4ccc(OCCO)cc4)=Nc23)c(Cl)ccc1,,0
NCGC00509938-02,Clc1c(/C(=C(/c2cc3c([nH]nc3)cc2)\c2ccc(/C=C/C(=O)O)cc2)/CC)ccc(F)c1,,0
NCGC00177980-03,Clc1c(/C(=N/OCc2c(Cl)cc(Cl)cc2)/Cn2cncc2)ccc(Cl)c1,,0
NCGC00522464-01,Clc1c(/C=C(/C(=O)O)\C)c(Cl)cc(C(=O)Nc2scc(-c3c(OC)c([C@@H](OCCCCCC)C)ccc3)n2)c1,,0
NCGC00024846-08,Clc1c(/C=N/NC(=N)N)c(Cl)ccc1,,0
NCGC00421818-01,Clc1c(/C=N/NC(=N)N)cccc1,,0
NCGC00179680-05,Clc1c(/N=C/2\NCCN\2)c(Cl)ccc1,,0
NCGC00344510-06,Clc1c(C#N)c(OC[C@H](O)CNC(Cc2cc3c(cc2)cccc3)(C)C)ccc1,,0
NCGC00263230-01,Clc1c(C#N)cc2C(O)=C(c3cc(-c4c(OC)cccc4)ccc3)C(=O)Nc2c1,,0
NCGC00485475-01,Clc1c(C#N)ccc(-c2nn(C[C@@H](NC(=O)c3n[nH]c(C(=O)C)c3)C)cc2)c1,,0
NCGC00484078-02,Clc1c(C#N)ccc(-c2nn(C[C@@H](NC(=O)c3n[nH]c(C(O)C)c3)C)cc2)c1,,0
NCGC00485023-01,Clc1c(C#N)ccc(N2[C@@H](C3CCCC3)[C@@H]3C(=N2)c2c(cc(C(=O)O)cc2)CC3)c1,,0
NCGC00263084-02,Clc1c(C(=O)N(Cc2cc(-c3ccncc3)ccc2)C2CCC(NC)CC2)sc2c(F)ccc(F)c12,,0
NCGC00384168-11,Clc1c(C(=O)N(Cc2cc(-c3ccncc3)ccc2)C2CCC(NC)CC2)sc2c1cccc2,,0
NCGC00094557-06,Clc1c(C(=O)N)ccc([N+](=O)[O-])c1,,0
NCGC00263140-03,Clc1c(C(=O)N2[C@H](C)CN(Cc3ccc(F)cc3)[C@@H](C)C2)cc2c(C(=O)C(=O)N(C)C)cn(C)c2c1,,0
NCGC00485402-01,Clc1c(C(=O)N2c3c(cccc3)Cn3c(ccc3)C2)ccc(NC(=O)c2c(C)ccc(F)c2)c1,,0
NCGC00387762-01,Clc1c(C(=O)NC(=O)Nc2c(OC)ccc(NC(=O)NC)c2)cc(F)c(F)c1,,0
NCGC00510488-01,Clc1c(C(=O)NC2C[C@@H]3N(S(=O)(=O)CC4CCN(CCCC(F)(F)F)CC4)[C@H](C2)CC3)cc2c(NC(=O)C2)c1,,0
NCGC00249611-04&NCGC00249611-05,Clc1c(C(=O)NCC(=O)N[C@@H](CC(C)C)B(O)O)cc(Cl)cc1,,0
NCGC00522453-01&NCGC00522453-02,Clc1c(C(=O)NCC(=O)N[C@@H](CC(C)C)B2OC(=O)C(CC(=O)O)(CC(=O)O)O2)cc(Cl)cc1,,0
NCGC00249612-02,Clc1c(C(=O)NCC(=O)N[C@@H](CC(C)C)B2OC(=O)CC(C(=O)O)(CC(=O)O)O2)cc(Cl)cc1,,0
NCGC00244254-01,Clc1c(C(=O)NCCCNc2nc(-c3ccc(N)cc3)ccn2)c(Cl)ccc1,,0
NCGC00390682-01,Clc1c(C(=O)NCc2ccc(Oc3ccc(C)cc3)cc2)n(C)nc1CC,,0
NCGC00379226-01,Clc1c(C(=O)N[C@@H](C(=O)O)Cc2ccccc2)sc2c1ccc(F)c2,,0
NCGC00390619-01,Clc1c(C(=O)N[C@H](C(=O)O)Cc2ccc(-c3c(OC)cccc3OC)cc2)c(Cl)ccc1,,0
NCGC00263091-15,Clc1c(C(=O)Nc2c(C(=O)NC3CCNCC3)n[nH]c2)c(Cl)ccc1,,0
NCGC00345858-03,Clc1c(C(=O)Nc2c(F)ccc(Oc3nc4sc(NC(=O)C5CC5)nc4cc3)c2)cccc1C1(C#N)CC1,,0
NCGC00386883-01,Clc1c(C(=O)Nc2cc(C#N)c(Sc3ccc(OC)cc3)cc2)cccc1,,0
NCGC00387038-01,Clc1c(C(=O)Nc2cc(NC(=O)C3CC3)ncc2)c(Cl)ccc1,,0
NCGC00263200-02,Clc1c(C(=O)Nc2cc(Nc3nc(N)nc(C)c3)ncc2)c(Cl)ccc1,,0
NCGC00242497-12&NCGC00242497-14,Clc1c(C(=O)Nc2cc(c(Cl)cc2)-c2ncccc2)ccc(S(=O)(=O)C)c1,,0
NCGC00686697-01,Clc1c(C(=O)O)cc(-c2oc(/C=C\3/C(=O)N(Cc4ccccc4)C(=S)S/3)cc2)cc1,,0
NCGC00387134-03,Clc1c(C(=O)O)cc(/N=C/2\S/C(=C\c3oc(-c4c([N+](=O)[O-])cc(C)c(C)c4)cc3)/C(=O)N\2)cc1,,0
NCGC00025220-11,Clc1c(C(=O)O)ccc(Nc2nc(N[C@H](C(C)C)CO)nc3n(C(C)C)cnc23)c1,,0
NCGC00183273-04,Clc1c(C(=O)OCCN(CC)CC)ccc(N)c1,,0
NCGC00183104-02,Clc1c(C(=O)c2c(-n3c(CN(CC)CC)ncc3)ccc([N+](=O)[O-])c2)cccc1,,0
NCGC00263118-02,Clc1c(C(=O)c2c(NC(=O)N)c3c(o2)cc(OS(=O)(=O)C)cc3)ccc(Cl)c1,,0
NCGC00510266-01,Clc1c(C(F)(F)F)cc(C(Nc2ncnc3c(C(=O)N)cccc23)CN2CCC2)cc1,,0
NCGC00165865-03,Clc1c(C(F)(F)F)cc(C2(O)CCN(CCCC(c3ccc(F)cc3)c3ccc(F)cc3)CC2)cc1,,0
NCGC00485097-01,Clc1c(C(F)(F)F)cc(NC(=O)CC(=O)C)cc1,,0
NCGC00388375-02,Clc1c(C(F)(F)F)cc(NC(=O)NCC=2N(c3ccc(F)cc3)C(=O)c3c(N=2)cccc3)cc1,,0
NCGC00185743-02,Clc1c(C(F)(F)F)cc(NC(=O)Nc2ccc(Cl)cc2)cc1,,0
NCGC00384205-02,Clc1c(C(F)(F)F)cc(S(=O)(=O)N2CCN(C(=O)c3ccc(-n4c(C)ccn4)cc3)CC2)cc1,,0
NCGC00370871-01,Clc1c(C(F)(F)F)ccc(N2CCNCC2)n1,,0
NCGC00161825-08,Clc1c(C(F)(F)F)cccc1CN(CC(c1ccccc1)c1ccccc1)CCCOc1cc(CC(=O)O)ccc1,,0
NCGC00421877-04,Clc1c(C(N(C(=O)[C@H]2N(c3nccc(C#N)c3)C(=O)CC2)c2cc(F)cnc2)C(=O)NC2CC(F)(F)C2)cccc1,,0
NCGC00137340-01,Clc1c(C(N2CCN(C)CC2)C2=C(O)n3nc(-c4occc4)nc3S2)ccc(Cl)c1,,0
NCGC00137344-01,Clc1c(C(N2CCN(CCO)CC2)C2=C(O)n3nc(-c4occc4)nc3S2)ccc(Cl)c1,,0
NCGC00181096-01,Clc1c(C(O)(CCN(C)C)c2ccccc2)cccc1,,0
NCGC00016034-05,Clc1c(C(O)CNC(C)(C)C)cccc1,,0
NCGC00167538-02,Clc1c(C(O)CNC(C)C)cccc1,,0
NCGC00165816-04,Clc1c(C(OC(=O)Nc2c(-c3ccc(CSCCC(=O)O)cc3)onc2C)C)cccc1,,0
NCGC00386223-02,Clc1c(C(OC(=O)Nc2c(-c3ccc(CSCCC(=O)OC)cc3)onc2C)C)cccc1,,0
NCGC00163778-09,Clc1c(C(OCC=C)Cn2cncc2)ccc(Cl)c1,,0
NCGC00381656-01,Clc1c(C(OCCC)c2[nH]c3c(C(=O)O)ccnc3c2)cccc1,,0
NCGC00421826-01,Clc1c(C(OCCC2N(C)CCC2)c2[nH]c3c(C(=O)O)ccnc3c2)cccc1,,0
NCGC00421948-01,Clc1c(C(OCCCN2CCCCC2)c2[nH]c3c(C(=O)O)ccnc3c2)cccc1,,0
NCGC00414992-02,Clc1c(C(OCCN2CCC(F)(F)CC2)c2[nH]c3c(C(=O)O)ccnc3c2)cccc1,,0
NCGC00479257-01&NCGC00479258-01,Clc1c(C(OCCN2CCCCC2)c2[nH]c3c(C(=O)O)ccnc3c2)cccc1,,0
NCGC00015233-07,Clc1c(C(OCc2c(Cl)cc(Cl)cc2)Cn2c[n+](C(c3ccc(Cl)cc3)c3ccc(Cl)cc3)cc2)ccc(Cl)c1,,0
NCGC00018294-13,Clc1c(C(OCc2c(Cl)cc(Cl)cc2)Cn2cncc2)ccc(Cl)c1,,0
NCGC00179642-03&NCGC00179642-05,Clc1c(C(OCc2c(Cl)cccc2Cl)Cn2cncc2)ccc(Cl)c1,,0
NCGC00018258-10&NCGC00018258-12,Clc1c(C(OCc2ccc(Cl)cc2)Cn2cncc2)ccc(Cl)c1,,0
NCGC00253713-01,Clc1c(C(OCc2ccc(Sc3ccccc3)cc2)Cn2cncc2)ccc(Cl)c1,,0
NCGC00018250-06,Clc1c(C(SCc2ccc(Cl)cc2)Cn2cncc2)ccc(Cl)c1,,0
NCGC00015251-13,Clc1c(C(n2cncc2)(c2ccccc2)c2ccccc2)cccc1,,0
NCGC00165909-10,Clc1c(C(n2nccc2)(c2ccccc2)c2ccccc2)cccc1,,0
NCGC00505919-02,Clc1c(C)c(-c2c(-c3oc(F)cc3)sc3ncnc(O[C@H](C(=O)O)Cc4c(OCc5n(CC(F)(F)F)ncc5)cccc4)c23)ccc1OCCN1CCN(C)CC1,,0
NCGC00384172-01,Clc1c(C)c(F)ccc1C(=O)Nc1c(N2CCN(C)CC2)ccc([N+](=O)[O-])c1,,0
NCGC00378909-01,Clc1c(C)c(N2C(=O)N3[C@@H]([C@H](O)CC3)C2=O)ccc1C#N,,0
NCGC00485476-01,Clc1c(C)c(N[C@H]([C@@H](O)C)c2oc(-c3ccc(C#N)cc3)nn2)ccc1C#N,,0
NCGC00511352-01,Clc1c(C)c(S(=O)(=O)Nc2scc(CC(=O)N(CC)CC)n2)ccc1,,0
NCGC00386635-01,Clc1c(C)c(S(=O)(=O)Nc2scc(CC(=O)N3CCN(C)CC3)n2)ccc1,,0
NCGC00522639-01,Clc1c(C)c(S(=O)(=O)Nc2scc(CCN3C(=O)COCC3)n2)ccc1,,0
NCGC00386662-01,Clc1c(C)cc(-c2n(Cc3ccc(C)cc3)nc(C(=O)N[C@@H]3C(C)(C)[C@H]4C[C@]3(C)CC4)c2)cc1,,0
NCGC00160431-02,Clc1c(C)cc(Nc2c(C(=O)O)cccc2)cc1,,0
NCGC00159384-04,Clc1c(C)cc(O)c(C(C)C)c1,,0
NCGC00091338-06,Clc1c(C)cc(O)cc1,,0
NCGC00094614-06&NCGC00094614-07,Clc1c(C)cc(O)cc1C,,0
MLS000051624-02,Clc1c(C)cc(OCC)c(S(=O)(=O)n2c3c(nc2)cccc3)c1,,0
NCGC00489906-01,Clc1c(C)cc(OCCCc2c3c(c(-c4c(C)n(C)nc4C)c(Cl)cc3)n3[C@H](C)CN(c4c5c(n(C)c4)ccc(C(=O)O)c5)C(=O)c23)cc1C,,0
NCGC00522444-01,Clc1c(C)ccc(N(C(=O)C2CCN(C(=O)C)CC2)CCCN2CCC(Cc3ccc(C(=O)N)cc3)CC2)c1,,0
NCGC00510347-01,Clc1c(C)ccc(NC(=O)NCc2cc3c(C(=O)N(C4C(=O)NC(=O)CC4)C3)cc2)c1,,0
NCGC00188476-02,Clc1c(C)ccc(NS(=O)(=O)c2c(Cl)cc3c(NC(=O)CC3)c2)c1,,0
NCGC00188481-04,Clc1c(C)ccc(NS(=O)(=O)c2c(F)cc3NC(=O)CCc3c2)c1,,0
NCGC00189368-03,Clc1c(C)ccc(NS(=O)(=O)c2c(N[C@H](CO)C)cc3NC(=O)CCc3c2)c1,,0
NCGC00103791-01,Clc1c(C)ccc(Nc2ncc(C(=O)N3CCN(c4ccc(F)cc4)CC3)c3c2cccc3)c1,,0
NCGC00386930-01,Clc1c(C)nc2sc(C(=O)NCc3ccncc3)c(N)c2c1C,,0
NCGC00492447-02,Clc1c(C2(C)CC2)cc(NCC(=O)N2CCN(C3CN(C(=O)C=C)C3)CC2)c(O)c1,,0
NCGC00018268-05&NCGC00018268-08,Clc1c(C2(Cn3ncnc3)OC(COc3ccc(N4CCN(c5ccc(N6C(=O)N(C(CC)C)N=C6)cc5)CC4)cc3)CO2)ccc(Cl)c1,,0
NCGC00253606-01,Clc1c(C23OCC(C)N2CC(=O)Nc2c3cc(Cl)cc2)cccc1,,0
NCGC00249917-01,Clc1c(C23OCCN2CC(=O)Nc2c3cc(Cl)cc2)cccc1,,0
NCGC00015949-07,Clc1c(C2=C(c3c4c(n(C)c3)cccc4)C(=O)NC2=O)ccc(Cl)c1,,0
NCGC00183008-01,Clc1c(C2=NC(C)c3n(c(C)nn3)-c3sc(CCc4ccc(CC(C)C)cc4)cc23)cccc1,,0
NCGC00390699-04,Clc1c(C2=NC3=C(C)NNC3=Nc3c2cc(F)c(OC)c3)cccc1,,0
NCGC00371636-03,Clc1c(C2=NCC(=O)N(C)c3c2cc(Cl)cc3)cccc1,,0
NCGC00182031-05,Clc1c(C2=NCc3n(c(C)nn3)-c3sc(CC)cc23)cccc1,,0
NCGC00092377-04,Clc1c(C2=NCc3n(c(C)nn3)-c3sc(CCC(=O)N4CCOCC4)cc23)cccc1,,0
NCGC00485016-01,Clc1c(C2=NCc3n(c(CO)nn3)-c3c2cc(Cl)cc3)cccc1,,0
NCGC00390661-01,Clc1c(C2CC2)cc(NCC(=O)N2CCN(C3CN(C(=O)C=C)C3)CC2)c(O)c1,,0
NCGC00538320-01,Clc1c(C2CCCCC2)cc2c(C(C(=O)O)CC2)c1,,0
NCGC00379183-01,Clc1c(C2CCCCC2)ccc(-c2n(-c3cc(OC)ccc3)nc(C(=O)O)c2)c1,,0
NCGC00402352-02,Clc1c(C2N(C(=O)CCCC)c3c(NC4=C2C(=O)CCC4)cccc3)cccc1,,0
NCGC00238624-07,Clc1c(C2NC(Nc3oc4c(n3)cccc4)=NC3=C2C(=O)CCC3)n[nH]c1,,0
NCGC00164544-02,Clc1c(C2S/C(=C(/C#N)\n3cncc3)/SC2)cccc1,,0
NCGC00507861-01,Clc1c(C=2C(=O)N(CC)c3nc(NCCC4CCN(C)CC4)ncc3C=2)ccc(-c2nc(C)cnc2)c1,,0
NCGC00379255-03,Clc1c(C=2C(=O)N(CC)c3nc(Nc4cc(F)c(N5CCNCC5)cc4)ncc3C=2)ccc(Cl)c1,,0
NCGC00389582-02,Clc1c(C=2C(=O)N(CC)c3nc(Nc4ccc(N5CCN(C)CC5)cc4)ncc3C=2)ccc(-c2scnc2)c1,,0
NCGC00250401-11,Clc1c(C=2Oc3c([C@H]4[C@@H](O)CN(C)CC4)c(O)cc(O)c3C(=O)C=2)cccc1,,0
NCGC00389231-01,Clc1c(C=2Oc3c(c(O)cc(O)c3C(=O)C=2)C2C(CO)N(C)CC2)cccc1,,0
NCGC00015469-09,Clc1c(CC(=O)NC(=N)N)c(Cl)ccc1,,0
NCGC00345801-04,Clc1c(CC(=O)O)c(N(C)C)nc(Cc2ccc(NC(=O)c3cc4c(cc3)cccc4)cc2)n1,,0
NCGC00250388-04,Clc1c(CCC(N)(CO)CO)ccc(Sc2cc(OCc3ccccc3)ccc2)c1,,0
NCGC00263539-01,Clc1c(CCN2CCN(c3nsc4c3cccc4)CC2)cc2c(NC(=O)C2)c1,,0
NCGC00386643-01,Clc1c(CCNC(=O)c2cc(NC(=O)c3cc(Cl)ccc3)c(N3CCN(C(=O)NCC)CCC3)cc2)ccc(Cl)c1,,0
NCGC00378821-01,Clc1c(CN(CC#C)c2ccc(C(=O)NCc3cnccc3)cc2)cc2C(=O)N(C)C(CN3CCN(C)CC3)=Nc2c1,,0
NCGC00182980-01,Clc1c(CN(CC(=O)N2CCOCC2)C)c(NC(=O)c2ccccc2)ccc1,,0
NCGC00480888-01,Clc1c(CN2C(=O)CSc3c2cc(C(=O)NCc2occc2)cc3)c(F)ccc1,,0
NCGC00485397-01,Clc1c(CN2CC3(C2)CCN(C(=O)Cc2nc4SC(C)=Cn4c2)CC3)ccc(-n2nccn2)c1,,0
NCGC00016872-12&NCGC00016872-19,Clc1c(CN2Cc3c(scc3)CC2)cccc1,,0
